,External_ID,Contents
0,rec_01_audio_3.wav,<>
1,rec_01_audio_0.wav,<>
2,rec_01_audio_1(1).wav,<>
3,rec_01_audio_1.wav,<>
4,rec_01_audio_2.wav,গঅlবয়নঅইaড়ঙগঊঅগআlaঁঁaঅঊফড়ঝaআুaুaসুaড়ৈবপড়ঙঁঅlবড়॥ইaড় দউৈ়অlউবপঅহa‚ঁথউa‚যাড়ঙউযয়ফlবয়নঅড়াড়ঃঁঅগফড়সঊlউজঁয়ফড়অু‚গঅয়‚aড়ঃঁঅগড়ংজুaানড়সদহফথঁঅগফlঅঃদ‚অাঅউaয়নঅআগগঅইঊউফlঅঃদ‚অায়নঅউaয়নঅআয়নংড়—ুaঘগঅইড়য়জধa‚অঁফড়ylউপঅ‚aড়থজউদঘaুঅড়ঃইয়নঁফগঅইঁaায়নঅড় দঅথঅ‚দউaঁঅড়ঘজঁউফড়ঙায়নঅড়ঘফায়নঅড়ঁগদগঅই।ড়
5,rec_01_audio_0(1).wav,‚ফড়ৈআর়অআlড়॥্lফউড়ঘalঁlঘalঁঅঁaগঅঙঅlড়ঝঅনa‚দঊফঊঅগঅঘঅউড়ঊঅঁদউড় অগঅp॥ lঁa‚অড়াঊঃগ॥ইঅউড়টঅগ॥়অয়নফ‚অআড়॥্lফউড়ঊঅথঅউড়ঃটঅআড়ঊঅফথফউড়ঁফউঙইড়থউaঃদঁখ‚aড়ঁa‚অঁa‚অড়ঘফৈ‚অড়হজ জঊদঊঅগড়ঊউড়ঃদ‚খ‚aড় উaজউড়টঅউঅ॥ l‚ঊঅগঅঊঅ॥উlড় ৰউদপঅ‚ড়yউ।ড়
6,rec_01_audio_8.wav,়aইড়ঘঅাড়॥ lঅড়আঃফপaয়নঅইফড়॥ইaড়ইঅঘদউঅঃঅছড়্উঅআ‚ইঅড়ঃজlদ‚অ‚অউঅ॥উড়ড় অথঅড় অহaড়ঊউাড়পঊড়উঙaগফড়ঘফৈঅড়গফপফড়ই‚ফড়য়অ‚দউড়উঅ॥আইজনঅউড়অস়়ফড়॥়ফন॥উ।ড়
7,rec_01_audio_11.wav,॥গঅইঘজআগদগঅঊঅগঅড়॥হফড়হঊaড়ংইুaড়য়ফড়অড়ঃদ‚অlবউঅ়যয়নড়ঙlড়জঃঊড়সঁঁআড়পa়aড়॥ইউঅড়॥গঅড়ঝঅগঅঘঅঁফহফড়ঁalদ‚জড়॥ইউঅনড়ঃটউড়ইaগড়॥ইaউদইঙঅlদঘঘফহফসুঅড়‚ড়ঃaগজুaড়ইঅlজধউঅউড়সঁুঅাড়ylদয়অlদয়ড়সগঅৈঅ‚ড়ছফঁফড়হaগুaড়ইঅlজধউফউড়ংঅয়নফ্ুঅ।ড়
8,rec_01_audio_10.wav,॥উজড়ঊঅথঅড়॥পঅগযlড়—‚দ‚জউঊঝঅউঅ‚অউফড়ঙঅঙঅঙড়ঃঅঃঅঃঅঃফড় a‚অড়ডউড়l॥ঊদঅড়ইঅউঅপফহlড় দউঅাড়alড়ঊহউআড়ঝঅউঅইদইঅউাড়ইঅউঅপঅহজlaঝঅউড়lয়নঘথদঁহবউড়ঙহঅউঅ‚জউড়য়অlুবয়নঅইউঅঘজআড়ঊআlড়্দউঅআড়ায়নঅআ।ড়
9,rec_01_audio_16.wav,ঁফ‚অই‚অইঘড়ৈয়নআরদ়অlফউঘউৰ  জগফউড়ঘaঁ‚জয়নফগlদংl॥উড়॥ইঘঅউড়ঃটঅআড়ঊaথaনড়ylজথইয়অlজধড়ইlড়ঊউজড়পঅয়ফড়ঃঊঅআড়গlদংlড়ঊঅআড়ইফউaঁঅড়ঊঅড়টaটalদlড়উঅধদুদউ‚ড়॥হফ।ড়
10,rec_01_audio_14.wav,উড় a‚অড়ঊগঅগঅউ‚বড়॥অউড়সঁদ ঁৎ‚অউড়ঊগঅড়॥ঊঅঅ‚অঅউঅড় দউ‚ড়ইজৈlঙড়॥ুপlদুঅড়ংজআুaয়াড়ঁউদ‚অ—ইঁউaয়নঅইঅঃুaঁড়ঁlদ‚ড়ংআুaয়নড়উaয়নঅ॥ইaয়নড়ইউঊঅউa‚দ‚ফগঅইপযড়ঙউঅআংঅইড়উবঙlড়ঃগফউড়ঝযঊlড়॥ঁaড়উঅlড়ৈজllড়ঝফগঅlড়ঝ‚দঘalড়ঝঅয়নঅউঁa॥গঅlঘজaগড়গঅইlউপঅড়য়ফফড়ঃঅঙদউযয়নড়ঁউঅই।ড়
11,rec_01_audio_7.wav,ড়॥ইঅউড়ইফয়নফড়বl॥ঃজlড়ড়॥উঅড়আফঁদুড়উৰ ড়ঊঅগঅড়॥হl‚উঅ॥ড়ঊফড়সঁগঅড়শড়ইফড়ড়সঁড়ইফয়নফ॥হঅঁহঅড়সঁড়ইফয়নফড়া‚ড়‚অআlaউঅড়laয়নফড়॥্lফউড়ঃalদ‚অটঅঊlঅড়ঁa‚অড়ঁa‚অড়ঊঅlঅআ‚অআlঁa‚অড়ঙউ‚অআl।ড়
12,rec_01_audio_5.wav,ঁaউঅড়ঙজইগঅডফড়॥ঊউঅহঅ‚দউড়হঅ‚দউযউহঅউylফউড়ঙবঃটঅআড়টঅগড়ঃটঅআড়টঅগড়ylফুড় অগড়গঅপফড়ছঅঊaড়ঙং‚ফড়উড়আlদlঃহঅউপজগঅড়ylফুড়ঊঅগড়ড়ঊaড়l‚গউঅড়ylফঁড় অগড়ংআুaুঅড়াড়ৈজঊড়ঃজlদpড়জআুaড়ৈজঊড়ঊঅগড়ংজআুa।ড়
13,rec_01_audio_4.wav,॥উপlদুঅড়ংa—ঝজড়াড়ঙউ উফড় দউ‚aুalaসআড়উঙই টঅঊফড়়ফফড়ঝগইঅlফড়থa্ুড়ঁoউফড়॥্lফউঅড়ঙaগদয়ফড়্অগুঅআlয়নঅউড়ঁবয়নঅ অগুঅয়নড়ঘথঘalড় উফড়ঁউফউড়়ফআড়ঝবগ‚ড়সআগঅড়ঙগড়ঝঅড়হঅঁউaড়ৈউজআl।ড়
14,rec_01_audio_12.wav,ঊঅগঅঘaড়সঁুঅড়স‚a অহaগগ‚ড়॥ঊঅউঃঅআগaয়নঅৈঅlজড়আঘইড় উইজঅইউঅ‚ড়yউদ‚ঃজইদ ঘড়lঅআঊঅড়ঊঅগঅয়নুঅঃদছঅlবlঅআঝউঅয়নড়‚গঅআপঅইউঅড়ঝঅঁঅয়বপঅাড়গআ‚ইদ অউঅইlঅড়সৈঅlড়শ‚ইড় অউইlঅড়সউঃইয়নaকঃaয়নঅগগঅ—আড়ইইঅউদঁaaঘaড়॥গদগঅয়নড়ঊঅহঅআlড়ঃঅইগঅড়ঃঅআউবঊঅআনযড়সৈঅlবড়ঝঅঁঅগঁপঅগড়আlaঃঅড়ড়সৈlজপউ‚ড়yউদ lফঁড়ইফঙl।ড়
15,rec_01_audio_17.wav,ঙঅঝউফউ‚অউঅpউডঅহঊড়ড়ইবুইবুaড়ন॥ইউঅাড়হaগফুবড়ঝফউঅড়ঃদ‚অয়নlaয়নড়॥হফড়সউঅড়গlদংl‚ড়ঙaঃঅঊফড়ইlপউঅড়াপঅড়য়ড়॥ইউঅড়হaগফুবউ।ড়
16,rec_01_audio_15.wav,সুুঅড়— ড়সঁঅউফড়ঁদগঅঁঅনড়াpউঘফঁa‚ফড়॥ lফউঅউড়ড়‚গঅঘফহফড়ইইজগড়॥ lফউড়ঃaগফু‚বড়ঃaগফুড়ঝফগঅউফ‚ড়ঘদঊa‚যয়নড়গlদংlড়ঙয়নlঅlযড়ঙঃঊফড়আংঅlaড়॥্lফউড়ঁa‚অড়ঃaগফৈlaয়নফড়॥ৈlফ‚।ড়
17,rec_01_audio_13.wav,ঊউদ‚ইঅlফড়॥ইউঅউড় উaঁখ‚aড়ঁবlবড়াউবড়ঙঅউঅ দঘফড়ইউঅুফঁ অথঅড়lঅl‚ফড়॥্lফউড়গফৈঅ্উঅড়ঙওঁঅlঊঅঁa‚অড়ডউ‚ফড় অগড়গঅপফসউইaথড়ঙয়নঅয়নlঅড়— অউড়ংaআুaাড়ঊগদগঅই।ড়
18,rec_01_audio_6.wav,ংআুaুaঁউ‚ফড়ৈজঊড়ঊঅগঅড়গঅপফউথঊড়ঁaহজইড়গফনফজগটঅগ‚অড়॥্lফউড়ধa‚অড়ঊঅaুঅঊaড়ঁaগঅৈউফ‚যয়নঊঃদছঅড়াআড় ৎ‚aঁউঅঅঙড়॥গlঘaউড়গঊঅগড়॥়ol।ড়
19,rec_01_audio_9.wav,ৈবlবড়ঁaহজylফ ঊaথ‚ফড়সঁুaড়y্উফাড়ঃalড়‚অঁউড়ইবনঅউড়ঁদউaঁa‚ড়॥ঊঅlঅআড়ইlঅইlaঁড়ইঁফড় দউছইড়‚ইaইঅড়ঘফথফড়ঘজ‚aড় llঁুঅাুpl‚অড়॥ঁlফউঊঅঃঅড়ঁজlঅlঅড়ঝঅla।ড়
20,rec_01_audio_24.wav,ylফঁ‚অ—আড়॥পফহফড়‚‚ড়ylফঁড়ঁঅআlড়ঙ॥ঝফlড়ংফৈঅ ায়নঅংনঅউড়ঘaঁফড়সঁঃঅছফড়গফৈঅ উঅঙউদ়aড়পয়ফহaড়॥আঃaইয়নঊaঝঅগবড়আগaনঅড়ৈফগঅড়ঘজগঅঙউ়যড়ঊlদজঘ‚ফউড়ঃঅছফড়সৈlদ‚ড়আপজগঅড়ঃইয়নফড়ইaগফড়lঅ।ড়
21,rec_01_audio_23.wav,ঃlযয়নড়পঢlঅআগবপaয়নঅড়থজুড়টফগঅডুlঅ়‚বড়ylফঁড়ডুlঅড়॥হফড়স়অ‚ড়ড়ঊঅআঊlদpজঁড়ঝঊঅউঅউড়গবপফড়ঊড়হৰুড়‚অঁফড়ঊংনআয়aড়ylফঁড়ৈগঅঘজগঅঙউঃaড়ylফউড়ঃইয়নড়ylফঁড়ঁaহজড়্অঃগঅইযয়নড়টউদঝa।ড়
22,rec_01_audio_18.wav,ইঅুaউড়ুaুয়অগlদংlড়পই॥্দউaঁঅlঙুদউঅ্lফাড়াড়yঊথড়ঃইয়নফড়ঁদধফ‚অড়ৈউজlঊউড়ঃইয়নড়ঊড়ঃইয়ন‚ড়ঊঅউaউড়ঙঅঝজগaয়নঅ।ড়
23,rec_01_audio_27.wav,‚থদঊড়ঁঅগফড়পফগড়ংজআুaড়ুদউঅআগফড়উঅআ‚অআগবঘধদুঅয়নপঅং॥ঃজইফড়॥আডঅ‚ড়‚অউঅড়াউফধদুথফ॥্lফউ অ‚aড়ঝঅঊঅড়‚aঝa্গঅৈ‚অউঅড়ঃঅছফড়ঁফড়‚অড়য়পঅয়বপদড়ঙফহড়ডlড়‚অউঅড়ঃঅছফড়য়বপদরঅড়য়বনড়‚অউঅ॥ইঅউড়পlড়ঊঅ‚aড়ঝঅlঅনযড়ঃঊজড়ঊঅ‚aঝয।ড়
24,rec_01_audio_19.wav,ঊaঝaড়‚অঁaড়lঃফইড়ায়নঅউaয়নঅড়অঝড়ঁউফড়য়ইlদঘউদপঅড়॥ইঅউড় জউগবপফড়ঙঅগড় উaড়ylফউড়ুalaথবড়ঙঅঝউ ঙঅঝফড়ঙঅঝফড়ঘaঁফড়ylয়নঃগযড়laথফগড়টউaড়ঊঅড়ঊaটalদlড়ঙঅঝড়॥হফড়ঁউবউাপজগঅড়ৈউফ॥উড়ইফয়নফড়॥হফড়ইফুঅউফড়ঃইয়নড়ঘফআ।ড়
25,rec_01_audio_20.wav,yপজগঅৈ‚অউঅড়ঃইয়নড়ঘaপজংনঅডউযড়ঙউজlla—উঅপজউaড় দউ‚aড়ঊঅউফড়থজঁজউড়ঊঅউফড়ঝ‚aড়হজঁজউঊঅউফড়সুজড়ঃইয়নড়ঊঅআড়ঊড়lঅআংজআুaড়‚অঁফড়‚ৈlড়পদয়অড়ঘalদফঃইয়নঊঅঙaড়‚lড়‚অউঅগaয়নঅড়ুজঊফউঅআাঅড় অউদঁুঅউদঁফড়ঝঅআয়নঅংজ।ড়
26,rec_01_audio_25.wav,সৈlড়্ফইaগaউড়পফহফড়্ফইaগযlড়ঘফৈঅথজlঅড়গঅপফড়সঁl‚ড়॥ুংঅড়ঘফায়নঅউড়াঝllব॥পফড়॥ঁড়ইবঃইয়নড়॥উড়ুঅঘaথaড়ঊৰগড়ঊঅআপlদঘজঊটঅড়গপফড়ঊoআথaড়—ঢহaড়উৈl‚ড়শড়উঙইজউড়y‚য‚ফড়ৈফগঅঘজগঅড়ঁউদঃaড়াুঅড়ায়নঅউঁaড়টঅউগঅlদইয়ড় উ়aগlফড়ঁড়ঝঅঁঅয়নড়পজউ‚ফড়পফহa।।ড়
27,rec_01_audio_22.wav,aড়সুঅড় অউড়পঅহফড়ংফlঅইঅlড়lঅইআ অউদঁফড়্aগইlঘজ অpaঁফড়ঘজ অউনaড়ঁaউদটউড়ঊয়নফড় অউঁফড় অউদঁুঅড় উন‚ফড়শুঅ াৈুড়‚ড়॥্lফউড়ড়ঃজুজঊফগঅড়ঊঅড়ঊউঊফগঅড়ঁবlড়ঃবউৎযয়নড়ডুlঅড়॥ঃফlড়সঁুaড়— আlড়়অআং।ড়
28,rec_01_audio_30.wav,ড়ঁঅঝঁউদইঁউaনঅ॥ইঊঅউঁড়ঝalঁফড়ঘalড়ঝঅায়নঅআুঅইঁ‚অঁlফউঅঝদঝঅড়ড়সগঅৈঅড়সগঅৈঅড়সসগঅৈঅউড়—lদlয়নlদুlদlয়নlঁaগঅআৈa‚অঁaড়ঁa‚অড়ইুঅড়—lদlয়নlড় অগঅড়—lদlয়নlড়—lদlয়উঅঃদ‚অঁঅুড়ৈজঊড়ঊঅগঅড়॥ইlঅঘফথড়ঘaঁফড়ড়ৈঅঝঙইড়ৈজঊড়ঊঅগঅড়ায়নঅয়নংফড়আlদংদউযlড়ৈজঊড়ঊঅগঅ।ড়
29,rec_01_audio_26.wav,yaগব—জড়॥ইঅউড়ঃa‚aড়ঊউদ‚ইঅlফ‚্ফইaগaগaয়নঅড়্ফইaগaউগবaউড়ঝlদয়আয়নঅাড়ঃইয়নড়ঘফআড়ঊফথaড়সঊঅআয়নঅঊঊlদ‚জঝফড়ঊঅঝঅউঅড়॥থফড়অউড়॥উফড়ৈlড়ঃইয়নঘফড়াড়য়অয়নlঅylজঃইয়নফড়ইaগফড়lঅড়॥ড়ঃঊড়ঃঊয়নউড়ঁঅঝগআনঅঊফয়পদয়য়ঃদ‚॥ইaড়॥ইঅউড়ঁঅঝড়ঘaনঅঊড়ঝlউঅইদঊদয়ফঃদ‚জড়॥ইঅড়॥ইঅউঝফউঅড়ঊlদpজপঅlদংড়॥হফড়‚অউঅড়ঁঅঝগaয়নফড়‚অউঅড় ফঃদ‚।ড়
30,rec_01_audio_21.wav,ঃaগঅুফউড় ফ‚দউফড়ঁজlড়ঁজlঝঅপফ‚ড়পaয়নঅড়ঊঅগঅগঅপহফড়‚অুঅউফগaয়নঅড়হaগফুঅড়ঝঅপঅড়ঊগ‚ফড়yৈlবড়ঘৰউফড়ঁব‚অআড়পফহaড়ঝalঅড়ইড় অউদঁফড়পফহফাড়য়ফআঊlদpউফড় অউঁফড়শড়য়ফড়ঁaড়—ঃইঅla।ড়
31,rec_01_audio_31.wav,ঁঅঝ দউঃদ‚অঁঅুড়ঁজ়ঃজঊaঝঅড়॥‚উয়নবঁদ‚ড়গঅঁউঅগগঅপযড়ড়ঁঅউaপজংনঅড়ায়নঅড়ইযগফড় য়নফlদুড়y য়নlদুড়ঃদুফlদংড়॥হফড়ুaঁঅড়ঝফlজlউঅ—ংফড় দউঃa‚a‚ড়ঁজঊড়ঊঅগঅ॥ইঅঘaড়ঁফা‚ড়ঝঅইফউঅড়lঅআড়lযউaড়ঊaগaনড় উaঊফথড়ড়ঃঅ‚অগবঅগায়নঅউদঝaুaয়নফড়ঃঅআু।ড়
32,rec_01_small_audio_0.wav,ylফঁড়ঊঅগড়হফআুয়নlফড়‚lবড়ঝঅয়নঝঅইঅগঅlঅয়নযড়ঁবlবড় দউছজlঅআু়aগa‚aড়ইঅ‚ইঅঙউঙঅৌহঅ।ড়
33,rec_02_audio_3.wav,॥ঃগফড়ুআঃaঁফড়॥pউlড়॥ইংঅউড়ঝফগঅড়ঃaগদগফুaউঅড়ঝফউঅড়ঃদছঅয়নla—ঃaগaুaড়ঝফউঅড়॥হফউড়ঁফড়সউঅড়ইlঙউড়আরয়ফড়pউদইউড় দউ‚ফধদুঅড়ঊফথaাড়ইlফড়ঁaহজউবড়॥হফড়—আঝফড়ঁজধজইঃদঁঅউড়য়ফড়॥পফউড়ঝফড়ঝalড়ঃদঁজগফপজগফুজড়ঊফথaড়াড়‚অউঅড়য়নঙউফড়য়ফইlয়ফড়॥ইঅঘফউড়॥ইংঅড়উয়নফয়ফড়ঃঊফঁঘউবড়ঃঊদয়ঊউঅ‚আড়‚অউড়ইঅয়ফড়ঘফঊlদ‚lড়ঁউঊউফউড়ইঅঝফড়য়নড়॥ঊজইঊঅঘ‚aড়ঘফায়নঅ।ড়
34,rec_02_audio_0.wav,‚ঁুa‚অড়ঙউ ঁঅড়॥্loউঅ॥ইঅপঘযউদগফটঅগঅড়ঃঅ্lফড়ঊঅগঅড়॥ঃফlড়ইজ॥ইউঅড়ঊঅগঅড়॥হaড়উ॥্lফউঅউড়ঊঅংনaউড়ৈঊউঅড়ঙঊউদঁa‚অড়ঙlঘফগদগঅঃঊঅাড়ঊঅগঅড়ঃদlফুবড়ংaয়নlঝlড়ঁড়উঅউড়ঁফ—ঝফড়ঙংড়‚অগঊউজ‚ড়‚অউড়গঅপফড় অআউফড়ঊঅংনaঘফউড়ঊযউঅlঅড়ঊফথaউড়ঙoউঅড়য়ফুড়ঃaআ দ‚অা অগগঅআঁপ‚া।ড়
35,rec_02_audio_1.wav,সৈlড়হaগফুঅড়উyঊঃদছঅডa‚অঊফথখ‚ড়‚জআড়াড় জঝঅঘঅড়lঅড়‚অউড় উঅড়সউঁফড়ঊঅড়॥ঃগদগঅপফড়॥ইংঅ অউঃaুaঘঅআ‚্অউঅইlঅড় অঃউড়ঃইদয়থঅগঅপফড়॥উl‚ড়থ দ‚অড়—ঃগগনফগড়ঁঅউaুঅউaড়ঊঅয়নlদয়অlবড়য়পজগবড়la‚দয়ড় দউনবঝlঁউফ‚ফউড়ঃদ‚উড়ৈঅউঅঃফড়উঅঘঅlদংঅঊঅlদংঅগঅপa‚ফড়থ দ‚া।ড়
36,rec_02_audio_2.wav,ঁalঅড়ঝঅগড়ঊঅআউফড়য়অায়নঅড়য়অনড়ঁবlবড়yঃঊaড়‚অড়ylপফ‚aউদয়অ‚ড়॥ইউঅড়ঝফগঅঁউঅইজউড়ইঅlজঁঅড়—উড়ইঅlজধড়অ॥ঃlড়সউঅ‚aুড়ঊজঝড়ঝlঅড়‚অউঅড়y য়ফড়ড় ফথড়ঊঁউইঅড়য়বড়ঊউড়ঘফড়ৈঅউঅড়—ুঅড়—ঘদঘaঁদয়অড়‚অউঅড়ঊফথaয়নঅঁুবড়নঃalুঅড়উফড়য়অয়নlড়— ুঅায়নফউপa‚অড়॥ঃlফউঃaগংউদইফlদ‚ফpউদইযয়নড়ঊaধয়নঁa‚অ়দয়অইlঅৈa‚অড়ৈআlদঝঅয়নড়lফুজ।ড়
37,rec_02_audio_12.wav,॥ঊঅউড়lঅইঅঝlফাড়lফৈঅউড়ইঅঝঅউটঅঊফড়উঅঃফড়উঅ়অৈবড়ায়নঅুদুঁঅছ্বউঅৈঅয়াড়ঊaধদঊঁঅ‚গফড়ঃফটঅউউঅড়ঁঅpড়ঁউফড়সউঅড়ঝঅউড়ঝঅউজ্উফড়ঊaঁদ‚ঁউঅড়পফৈঅয়নড়পaগঅড়ইঅlড়য়aাড়ঁনগঅইড়ঝফুঅড়ঘউইঅlদ‚দউ‚অ‚ফড়ঝalaড়ঝঅহফড়ঝফড়ঝফগঅড়ইঅআlড়lঅlফড়॥সউঁফড়—ুবঃaগবংফউড়ঊজঝফড়ylদlড়সগঅৈঅউড়ইঅlজধফড়্হlদঘড়ঙউফড়lঅ।ড়
38,rec_02_audio_15.wav,অসউঊঅড়ঝঅইঅউড়ঊউঊoৎযড়ংঊaড়॥ঘফথaঁaড়থজউজড়পoরদঝড়॥উইঅউড়ঊঅআউফড়ঊaয়অঙউফড়থaৈইaগদগঅড়য়অড়ুবুঅড়pজউজড়্উঅগa‚শুবহঊঘaঁড়ঘaয়নঅড়ঙঅড়ঃইদ উদড়ইঅঝফড়ঙঅউঅঁজ‚বড়॥হফড়ঃaগফুaউড়ইঅঝদয়ঊঅগগঅড়ঙঝফড়ঙঅউঅ অঃa‚ফড়ylদয়ঝউদইঅঝঅড়ঙঅউড়য়অউঅগড়ঃঃঅউঅঊদঊঅগড়॥হফড় উঅইউঅইড়॥ইউ—দয়ড়য়ইউঅঊঊজগড়pইlবড়ঁউফড়ঝফঝড়আঘজনড়॥ঊঅঘaড়পবঊঅ।ড়
39,rec_02_audio_10.wav,॥উ অনঁপউaউদঘঅউঁড়ঊঅুaঅঘফয়অাঊয়নফড়পদউঅইৎড়ইa‚দউড়ঝঅগঅহফগ়দহফ॥উড়সুঃaগফুফউড়উজঝঅড়স্‚অউড়আ‚ঁুaড়উঙইড়ঁফ‚অড়—lদয়ড়সগঅৈঅউড়ঃঅছফড়ঁফ‚অড়টঅউ‚ঁদঁ অউদ‚ইফফড়গফড়টঅুদlনপজ গ‚ফড়ঁaহহজড়lঅইবlঅড়ঙউড়আরদঝফআড়ঁঅlবড়॥ইংঅগড়॥ইংঅউদঝযড়।ড়
40,rec_02_audio_4.wav,সপজগaড়yঃফগড়॥ইংনঅড়আঃগঅইঅউড়ইঅঝঅড়lঅয়নড় alদঘড়‚অউঅড়সপজগঅউফউড়সুঅড়laয়নড়ইবউইঅড়ঝফঅlফগফহফড়য়ফপজগবড়ৈবউঅাড়গঅৈড়ঊনজগঅড়ড়lঅায়নগফড়—ুঅায়নয়নড়ঙবুঅায়নফড়সউড়ৈইদ‚ড়‚অউড়ঁফড়‚অউঅড় উইঅৎফউড়॥ঃগফড়সজগঅড়ঁa়়জড়lঅইঅlaড়য়ৈl॥ইউঅড়॥ঊঅনড়ঝৈlঅ॥aঘঅউড়ঁদউঅইগফড়ঁঅয়নড়়ঙঅনড়ঘড়ঁউঅউড়গঅঝঅইঅগড়জগপৎৎড়ঙaঝঅlaড়ঝফড়‚oউড়ঙউঅনঃফড়সপজগঅয়নlড়আঃগঅইউড়ঁবlয়ইঅঝaড়ঁa়হজlঅ।ড়
41,rec_02_audio_5.wav,‚অউ উড়॥ইউঅড়্aগফুaউড়সঁুড়ঊফথaড়াড়pউদইউড় দউ‚aসুaড়ঊaথaড়াড়ুঅlড়ঊফথaড়‚অউঅড়‚অঁফড়ঃঊড়ঁaহজড়ইaগঅয়নঅউড়lঅইঅঝুঅইঅড়ঝঅঃফড়য়‚ড়‚অউড়ঃঁদ‚য়নফঁুড়ঊaথয়নযড়ঙবlফউড়॥ইঅউড়ড়পফহফড়গঅপফউড়ঁফপজগঅড়ঘজউড়ঙউঅড়—়aঘড়ঁঅউৎঅুঅড়ইঅlজধঁঅlফড়pউদইড়ঃইদ দউদঁফড়া‚ড়ঊজগড়ঝঅlদ‚টa‚অগ।ড়
42,rec_02_audio_9.wav,‚ড়াগঅঁaউদlফড়॥গগঅনউড়ঁয়অlংঅঃবাঁঅগফড়ঊঅগঅড়ylফৈফনঅড়ঃফড়ylফৈঅআুঅড়ইঅlফড়য়ফড়ডজই‚অপজুঅড়ঁaহজড়lঅড়॥ৈঅআয়নঅড়ঃaপঅ‚অঁফড়lঅইঅঝড়্oউঅআয়ন্উফড়য়ঊঅয়নড়ৈউফড়্উফড়ৈঅয়নlড়ডউজৎড়ইকথঘaড়॥ অউফড়yফঁঅয়আুঅড়ইঅlফড়lঅড়ঃজুঅড়ঝঅউগঅউজৈজউঅড়ঁফড়ঊa‚দ‚ফড়াংনফআড়ঝalaধদুঅায়ড়ঊঙউঅউড় উফ‚ড়‚alড়ঊঅড়ঁউঅয়নড়‚alড়ঊঅপড়ঁoউঅড়সঁঊঅপউঅড়ঙঅায়নঅয়নড়laঝফউড়গঅপফড়॥উঅঁড়ঊঅপড়॥‚দইযয়নড়ঃঝlদয়উড়গফপফউ।ড়
43,rec_02_audio_16.wav,॥ঊঅঘaড়॥ঊঅঘফউড়ঝঅ‚ঁড়ঊঅগ—ুঅড়আ অlফউড়‚অউঅড়la‚দa উড়‚অউ lফউঅউড়্উঅথবlঅউড়ৈঊউদঁa‚অউ॥গঅইঘlযগঅ্ংনঅথবlঅড়ঁৎদুalফঃদ‚গফউড়ৈlড়ylফুঃড়ঁই ুaুউঃaড়lঅউড়ঘজ‚গড়ঊঘদpজয়ন॥ঝঅউড়ঁয়o‚aহজড়yইদউlফউড়ঊaথনধয়নড়য়যঊlঅঁফড়yউlঅউদঃঁlদঘড়ঙউফ।ড়
44,rec_02_audio_13.wav,উফৈa‚অসুঅুaঁইlফড়সঁুaড়ঁবয়নঅ—ঝঅড়ৈঅউৎফ়alঅড়‚অউঅড়ইlবড়ঁউফড়‚অউঅড়ইবlউড়ঃaড়॥ায়ড়গড়ঃaগফlদুlড়ঊঅআউফড়গঅউফড়উঅঙঊঅঘড়সউঅউড়পফঃফআড়সউঅড়আঃফঁঅুa ুঅড়সউঅড়শঃফপদয়নঅড়াlইঅআরদ়ফউঅড়ৈঅায়ন‚ড়ঃalফlঅড়সউঅায়নরদ়ফগঅড়ঃগ‚ড়ঃalফlঅড়সউঅড়ড়সউৈইড়‚অউঅড়সুঅড়ইlজঊঅঊঅড়পঅইংঅড়ঘফউঅড় উঅগফৈঅড়ঙউaড়॥ইদংঅঘঅড়গঅইউঅড়laঝঅউড়পঅ—ঘফথড়ছঅঁফড়ঊঅআউঅনড়ঃফঊঅআউফয়নঅড়য়ৈlড়‚অউঅড়গবপফড়ইaধদুa।ড়
45,rec_02_audio_11.wav,সগঅঁঅঊফঘদঘaয়নঅুঅটalদl‚অড়॥ঃফlঅয়ফড়সৈুঅড়ইঅআউঊফঘণ‚ুঅড়ঊalদl‚ড়॥হফ‚ড়॥ইংঅউড়ইঅঝফড় জগঅাৈঅনড়‚অউড় উফঁaড়হজউaনড়ৈঅয়নইaড়গaৈaড়়জউaনড়ঁঅয়নঁজগঅাঁঅড়ঁalদ‚জড় অআউঅউড়ঘফথড়ঘফাঊঅড়ড়হঅlঅইংaড়ঊফথaড়জ দউফ্অউড়ঁউফড়‚অউঅড়অড়়অগঅইlaড়ঊফথফড়ঙঅয়ন‚অউঅড়ংঅায়নঅউঁ॥উফইlaআড়থঊদ‚অয়ফড়়aঁঅহফড়lঅইঅঃদুঅড়ইঅঝ।ড়
46,rec_02_audio_14.wav,ঘফহফড়‚অউঅড়॥ইউঅড়ছফঁফড়॥উাড়ঊaথয়অড়॥lদ‚উaঁড় অlফড়সঁঅধদুঅড়yরদ়গ‚অঁফড়ylফঁড়ঁখহজড়থaঁঅউড়উঅঃফড়lঅইঅঘদ‚ড়ৈঅগফড়॥lদউড়ঊaঘদউাড়ছঅঁ‚ফড়ঘaঁুফড়॥ইউঅড়॥ঃগফড়সড়য়ফড়ylদয়ইঅlফফউড়ঃজঃউুaঁড়থজঘদpড়টঅথঅড়ঁয়নৎড়yঊঝঅপউয়ফড়ঝalaধদুঅনaুঅনঁফড়ায়নয়নl‚ই—ুঅড়শড়থফয়নঅউুফড়॥ইংঅউড়ইঅঘaুঅড়়অইংঅড়ইংঅউড়ইঅঊড়॥্দউaঁঅড়ৰঝঅয়নaড় অইংঅড়্দয়অইaগযউড়ইঅlজধaঝঅউঅহফড়‚অগঅউaপঅড়ঊৰঝঅয়নড়ঝফনউঅড়আগঅড়lঅায়নঅংঅ।ড়
47,rec_02_audio_8.wav,ড়ঃaগবুaাঊউড়laয়নফড়ৈa‚অড়ইlয়নঁফড়ুঅইlফঁa‚অাড় বউবড়আইঅlবড় জ়দ‚aড়গঅ ফডউঊঅlaঘৈজউঊঅlফউaড়ঘজআঃফপঅআড়ুoঝফপঅয়নড়য়ফনফইঅlফড়‚aঁড়ঁউঅ‚ফড়য়ফpযlফধদুঅড়য়ড়—দপউঝবড়ঊৈউঅায়ননড়ঁউজঁaড়ৎঅড়ায়নড়সঁaড়পউজঁalঅউড়ইঅঝঅড়ুঅগঅড়ঘঅড়॥llদঘৈফড়ঁ‚ঘaঁড়ঁaগদগঅঘঅড়ইঅঘফড়ইড়ঙয়নফউড়সঁুaড়গঅৈalড়‚য়অ্অউঃol।ড়
48,rec_02_audio_7.wav,‚ঙড় aুঅড়ঁউঅাড়সউড়়অআ‚ফড় অআউফঊঅউফড়pউড়॥ইউঅড়ঃaগফুঅউড়ঊঅউঅড়ঝফউঅড়ঃফউঅড়ylদয়প‚ড় aুঅড়ঁউফড়॥ ংঅড়ইalদগজায়নঅঙঅlড় ফথঅউঘঅগযঊউঅড়ণ‚াড়ঃalফড়ঊফথaড়॥উড়সইlড়সউড়‚ফইlঁaড়ঝআয়নড়ঙয়নlড়॥ঃঊফসঊড়lফপজংনঅপজউফড়ঁউফড়সঝlড়॥ঊঅঘlঅড়ঊঅংনaউড়য়অৈজঊংঁ।ড়
49,rec_02_audio_17.wav,ঊঅকগঅঘফথফউড়্উঅথবlঅlaয়নঅউড়ৈজঃদ‚অাড়ৈআঊঅlalঅড়ঃaগফুaড়্ংনঅথবlঅড়laয়নফড়গফৈঅটউঅlaয়নফড়ঁুaড়‚অঁফড়ইজৈa‚অড়ঊlaড়সড়ইalদগফঝফুঅড়ঙআইজড়ঝফহaগফড়য়অাড়॥ঁফঁফড়ylয়অড়ৈজlদl‚o উঅনথবlঅঝa‚ড়‚ফয়ফড়‚অয়ফুঅড়উইঅlফথড়ঁয়নড়য়বঁজঃইঃদ‚অয়নঘaড়ঃদঁজগঅড়য়ফড়ড়॥পঅড়॥পফঊড়॥অপজউঅড়ঝড়॥পফউড়ঝঅুঅড়ঘউড়ইযয়নড়পজউড়॥ইaঝফুঅয়আ জগবঁড়ঁaহজুঅড়আগব।ড়
50,rec_02_audio_6.wav,ঃaগুaড়সড়আঘড়ঃইদ উদঁফড়y‚ইঅউদঁফ‚অড়ঘঅউৎঅউঁফড়ঁদয়অইগঅ‚aড়কফড়আঘইঅlফাড়ঃaঁঅঘউৎথঁঅগফপজইড়‚অপজঊlবইঅঝ উড়ঊউlইঅহoউঅ॥ঝঅউঅড়হফগফড়উঅহফড়‚অউঅড়আঘপঅউড়ইঅঝফড়lঅড়ইঅঝ উঅঝফঊয়নফউড়॥পফউড়ঃঅইয়নফড়ৈঅআয়নঅঝঅয়নড় ড়॥উইংঅউড়‚alঝঅ‚lড় aুঅড়॥ঃহফড়সুঅড়ঃaঁফড়নঁঊঅউফড়ঊফথaড় উaথa‚ড়ঝঅড়ঙঅlড়ফথড় উlaয়নউড়্বউফড়ংঅগaঊবংনঅ।ড়
51,rec_02_audio_20.wav,॥পউফড়ংফৈুজড়॥ইংঅ‚ঁফড়সঁুpউফড়‚ঊঅউঅড়ঊঅঅড়ঙবড়ঃolaয়নড়‚জইঅউঅঝফড়হaগফড়ুঘaড়়বড়ঙঅlড়ঃজঁদউaয়নঅড়ঘৈঅউঅlদুঅউড়ুফদlঃlফড়ঊঅগঅড়গফপফlউদ‚ইঅউযড়ঙalয়নপদরঅঘaগয়অউঙদয়ফড়ইঅউঅইঅউaড়াড় অঊগaঁড়ঊaথদঊaঘদয়অগফউড়য়ুদুড়ইঅউঅইঅউaড়ঊফথa—শুঅড়laয়নঅুবড়ইঅঊঅ্দয়ঁদুজড়ঊফথaয়ন॥ঁফড়ঃal‚অড়ঙউনরড়য়ফড়ঘalaড়গফৈaগঅড়াড়আ lঅায়নসঊড়—ুঅড়ায়নউফঁ।ড়
52,rec_02_audio_24.wav,সড়য়ফড়lঅয়নঊঁজয়নঅউড়গফপড়্জউaঃড়ৈঅlফড়পবটড় উa‚ড়ইঅ‚খ‚‚॥গজঘঘফড়ঘউদloঘaঁড়ঘaয়নফড়ঝl়alড়‚অঁউৎড়॥ইঅউঅড়্গদগঅপঅইঅ‚অড়yঊঃদছa‚ড়ঃঊ ঁaঃজইaগঅয়নঅঝফড়॥lউ্ড়laউদঊঁঅউফড়॥ৈlaঁa‚অড়ঙউঊঅlঅড়ঁউড়ঊঅঊঅউড়॥ইউঅয়নঅংঅউড়॥ইউঅউড়pউদইুড়pউদইlড়॥ইংঅড়ylদয়টঅঊফড়ঘউaয়নঅউড়ঁফহফড়pউদইাড়ঁoঃফড়য়ড়‚জইঅউড়pউঁঅউফড়ইড় দঘঅইফlদুalড়ঁউঅড়‚জlংaড়হঅগঁদউই‚দ‚অড়ঁউড়ঊঅ।ড়
53,rec_02_audio_21.wav,ঁফড়ঝlদয়ড়আুড়lঘজউড়ৈউঅড়—থa‚অহlঅইদউঅঃalফউুaউঅউড়ইঅ  উঅুফউড়াড় দউপদlড়ঝঅইঅউফুঅড়ৈঅঘযড় উঅউফড়গaকদউ‚অ॥ইঅউড়ৈঅউঅ দগঅপফউড়‚অউঅড়ঙআড়উঅড়ঝফড়‚জইঅফুঅড়ৈঅঘalঅড়ইঅlদউঅুদুঅড়ঁঅযউড়ইজইউদ‚ড়ঃইঃlঅ অুড়॥ইঅউদpড়lo‚ফঃইঃয়নপজগবড়‚ইঅউঅ॥ায়নফং জউড়॥ঊঅউড়ঘফায়নঅড়াগঅপড়ঊঙ‚অঁঅউফঁড়laঝউড়ুয়নঅঃদুঅড়ঊদয়ঁদ‚খ‚দঊঊঘড়ঙঃফড়lঅইফআুড়‚ইঅউড়ঙ অউঅউফউড় দউঅৎড়ৈউঅউড়lঅপড়ঊঙ‚ড়‚অউঅড়আুঅড়টজগঝঅlঅ॥ইঅউড়়দ়ড়ঝফড় অঊগaপ্বউঅউড়ঁঅড়—ঝফড়yইদউঅউpaঁড়‚ফায়নঅউড়‚অlঅয়নড়pৰউড় য়নঅইফয়নফউঅড়ঃফআড় ুaড়lঅনযয়অlঅড়ঙa‚অড়lঅঃফ্ুaয়নঅড়উঅ্ুঅঝযlফঃইফুঅউড়ঁউঃ ড়য়অঊফl।ড়
54,rec_02_audio_18.wav,সঁুড়আগবআউঅড়ংaঁফুড়ঢুঃফড়ুগঁঙবইঃফড়॥ুড়lঅফড়ylফঁড়ইঅlজধযড়শঃযগড়ইঅরদ়গগঅড়ইaঃ়ফফড়সইঅlফআঝফড়্ড়্ফঃ জঁউড়ইঅpদয়ইফড়ylফৈড়ylঁড়‚অয়নড়pঅllফনড়ঙlড়ylজঃদছঅয়নইউফড়আlুঅউফlদুউড়ইঅpদয়ইফড়ড়আুঅউড়গঅপফড়ylদয়ঁlদয়ড়‚o়ফঁফlড়‚অউ উড়॥উড়ইlবঁউফয়ফড়াটঅউগড়ঊঅকগঅঘফথফউড়য়ফড় বউঅউগফঁঅউড়ঊদয়ঊঃদছঅ‚অ।ড়
55,rec_02_audio_19.wav,সয়অড়নঅুফড়—lদl‚ড়ঙগফড়টঅগইa‚॥উlবড়॥ইউঅউড়ঃaগফlুaড়উঅউঅধদুঅড়ইজদ অlফড়ঊঘঅঊaপফহড় দউঊগফইড়ঃফউপaয়নঅঁa‚অড়‚অউঅড়হaগফুফউড়ঊঅআউফড়্উঅঝa‚lঅ॥ইঅউড়॥ইঅউড়ঁalদ‚জড়উৰঁফনপঊফড়াঁড়জজড়ঊaথদঊঊaঘদয়অগয়নড়াশ॥ঊঅউঅড়ঊঅইঅউঅ‚দঊনড়ঙঃরদয়ফড়‚জইaড়॥ইaঘড়য়বইঅউফড়ঊঅউaড়‚অঁaঝফগড়ঃaগফুঘaড়থবৈঅlড়॥ইউঅ‚ফড়॥ইউঅ—আ়aপaয়নঁঊঅংনফড়lদংaয়নঅড়ঙঅlpঅ‚ঁড়‚বউঅগগফপফlড়ংফয়নঅইংঅউফড়পঃদফঝlঅড়াড়উঁইফঁুফড়yঊঃদছঅড়
56,rec_02_audio_22.wav,ইফয়নফউঅঃড়সঁুaড়ুাড়॥ইaঘফড়ঙইঝঅয়নড়ুজঊড়ঊফথaড়য়ঘaড়াড়—পজগঅপফlaয়নঅঝঘফুড়য়নৈউ‚‚ফড় বউঅগবঙড়॥উlদয়‚o‚ড়ইফনফউঅড়॥উসফঁফগযউঁ‚সঃঅ‚ফড়‚ইউঅড়ইফয়নঅউঅড়ঝঅউদংঅড়ঘফাড়ঊড়ঊlদpঊঅlদঘঁড়য়অউংঅড়ঘউংঅউগয়নাড়ৈণঃঅইড়ঘফৈaইফয়নফউঅংড়lঅঘযআড়ঊগ‚ফড় ফঃaপaগaউড়ঝদঊঅগঅড়‚দঊঅগঅড়ঘফায়নঅড়ঃaগফড়ুফউঅউড়ঃব্উ।ড়
57,rec_02_audio_28.wav,য়অউঅড়আকগফথlঅউড়ঃফ উফড়‚অউঅউড়ইঅlবঁউফড়ংaঁথlয়নুঅআ উড়‚অউঅড়lঝদঝফড়ঁজঝফড়উঅঃদ‚অড় অআগবড়াড়পউaহঊঘঅউদ‚ড়ঝজপঅlঅউড়ইবপঅয়অয়নড়—ঁুউঁদ‚ঝঅlঃদlফড়—ুঅউড়yউদয়ঝlঃla‚ড়সহফড়ইঅlaুঅগaঃফড়ঁঅুড়yজয়নঅউড়ঃa‚দউড়থবlজড়টঅগঅনয‚ফ‚বড়ঃঁঃইয়নড়॥ঊঅড়lফঘউয়নlaড়ায়নঅউদংড়গয়নঅড়ঝঅlঅড়‚অঙঅগঅপফড়য়অড়ায়নঅউদংড়ানঅঙবুঅড়ুজ ুঅপঝঅlঅউড়়ফধদুঅড়ঁউফ।ড়
58,rec_02_audio_23.wav,pউৎুঅড়ঘআড়ঝফড়॥ইaয়নঅউড়॥্lফড়ঙ‚অড়ঙoউইসঘফকড়হaগফlফউড়ইঅlঝফড়ঘউড়ঙlড়হaগফুaড়ঃঅ়অ‚বড়ঘaঊঅআউফড়য়অয়নl‚ড়॥উফঘঘaড়ঃঅআঊঅউড়ঘফনাড়ঊঅয়নড়পইঅউফড়গঅঁঅউড় উa়a‚দউড়ঁaড়lঅগফঘaড়পaগঅড়‚aপজউ ড়॥্দউফুঅড়্lদঘফড়ঙায়নঅাড়গঅপঅড়য়বপজড়্অগগফঘফঃফড়আঁআপজউড়ৈa‚অগঅপফড়ডইaপজউড়ঁফ—ড়ঘজঃইদ উদঁফড়ঃঅঃঅঁaড়গঅপফউঁaড়ঝবায়নঅগঅপফড়আুঅঝঅl দউঃঅআ‚ড়lঅয়ন।ড়
59,rec_02_audio_29.wav,উফড়পঅlড়থজlযউড়পঅlড়পঅআউনঅঃড়ছগদইঅঝফড়ইঅঝফড়পঅlপঅআয়নঅড়ঊঅউড়lঅইঅঃদুঅড়ইঅঝবয়নঅহফড়সঁঅড়lঅইঅয়বয়নঅঃুaড়ঃ দ‚অইফlদুফlড়ঙউঅউড়়ফঃদুঅড়ঙউফ॥ঘফড়ইজঃ‚ফড়yঊউঅpউদই‚ড়ঘaপ‚aঘজধদঢড়প ‚দউaয়নড়ঁউঅড়yপহaগড়পআুঅড়সlফঃaুaউড়ঁaহজড়lঅয়নড়য়ফাড়পজগaয়নাড়ঃঅউঅঘফড়ঙ ‚ফড়—ঁঃlড়ঃঙ‚ড়yউaউড়আুঅlৈইসlফড়সড়ঃঁদধফঘঅ‚জইঅউ‚।ড়
60,rec_02_audio_25.wav,ইউ উড়ঘঅুঅড়ইফদুlড়ঁুদ‚আড়ঊঅউদ‚ইঅউদয়অয়নফড়হবঁ উদয়অয়নঁুঅaড় উদয়অ়ফআুঅ‚ইড়lদুaউড়ঙগঅঊড়—ংুঅড়ানফlalঘউড়—‚‚ইউঅ্জউalদ‚ড়্জউalদ‚ঝফড়॥ংংঅঘফড়ংঅউড়ঁ‚অড়ঙo‚অ়সউঁফড়ঁদধফইlফঁaঁফড়॥গজ়lঅড়॥গবড়টঅগঃইফগaইফয়নঅlঅঘফউফউড়ঃঅঙ lযয়নড়টফঁদধঅড়y laয়নঅ।ড়
61,rec_02_audio_26.wav,়ঊড়ঁaহজড়ইaগঅয়নঙ‚ড়য়অুঅড়ইফাড়ইaঅয়নaংড়ুঅpঅউৎদংড়ুবংদউদড়ড়ুoগফড়য়াড় উaদউঅঃদ‚অউড়ঃজlদঘউড়া উaয়ানগঅড়ড়ylফঁড়ঁঅঝফড়ঝদঊঅগঅুজড়ঊফথaড়ুঅুজগদয়অড় দগণঝড়॥ঃফনড়ঃফগফউঅউঅড়ঝlগপ ‚দয়ঙয়ড়ঃফগফউবড়ঊঅগগঅুঃফাগঅড়ায়নফহফyগফঁঁaঃaঊaনঅয়নড়ঊঅঘ‚ফইlঅড়ঊlফড়ঙঅঁফড়ইaaড‚ড়ঊaধয়নফঅড়ঘফঊঅড়ঁবlবড় দউঊগফইআগফড়য়অইঅউড়াুঅড় দউপদউফইড়হফয়।ড়
62,rec_02_audio_38.wav,দউঃ‚খ‚ফড়সঊড়আুঅঁalড়ুজড়ৈঊআড়সড়ব্ড়আ্ফঁুাঙউফড়সঁুড় গফশুঅআড়ঙউফউড়॥ঝঅড়‚য়ন‚বইঅউঝযঊlফউড়ঁবlড়ঃবউlযয়নড়ডুlঅড়॥হফlaঙবঃঅlড়ঘফৈaঁa‚উড়ঝযঊlফাউড়ঃউৎযয়নড়পঢlঅঊগড়ুঅইঅউড়ঝযঊlফউড় দউ‚দয়ফঁুঅড়সড়ঝফড়॥ইযড়॥ৈlড়ঙ‚ড়ঁ‚অঁউড়ইফুঅড়॥ইaড়॥lঁড়ঃদ দয়অঁদুফড়ংঅইaড়ঘঅl‚অইlঅড়আগঅড়ৈউঅাআড়ঊআগঅড়ঝড়আ ।ড়
63,rec_02_audio_37.wav,সৈlড়পজংনঅ‚অআঃaড়উঅ‚উফঅ অউউঝlড়ুবথবlঅ়অড়ৈঅগঁফঅড় উaঁঁঅড়়অইaথঊড়ঁaহজlড়ইফlদুalড়ঙু‚অঊঅউড়ইব‚ ফয়নঅlaঝঅয়নড়ইঃজইঅঃlঅউড়ylফঁঙয়নঃফড়la‚দয়ড় অউফড়lঅ‚থঊড়ঁaহজড়ইফগঅড়সঁফড়‚অউ উঅউড়ইlড়উইবঝফড়ঊঅউদ়ফ‚aউড়গয়অটড়ৈজঊড়আফুড়সুaড়॥পফড়ঙবয়নঅড়—ঃa‚ড়ৈঅউৎঅধুঅড়ইঅlজঃফউইফড়ইয়অlফড়ইঅlজঃaঁফুঅড় ড় দউঃদ‚জঘaজঘদpউড়ঙঅড়উঅঃদুফয়ফড়॥ইঅউড়ঃঅইlফড়াগঅআড়ঊবগঅড়আগফড়ইঅlজধউড়ইlদ‚দঅঁড়ইদয়অlদুড়ইদয়নঅlুঅগaুaড়ঝফড়॥ঁুঅড়।ড়
64,rec_02_audio_33.wav,ঁগফপবlফউড়—ঊঅlঘঁড়laয়নউড়ঁদঅউড়ঁদধফইlয়নঅড়্অঊউফlঃুঅড়্গ‚ফড়॥ইaড়ঁaড়ঊনড়॥ইaড়ঁa‚অড়ঙআ‚অlজয়ফড়॥ইঅlফড়ঃaঁদয়নঅুজআড়ইণথlঅগুঅআড় উফড়॥ইaড়থঙঝইঅঝ়উঊaদগaটড়ঁউফড়॥ঊইlড়ঁউফড়য়অয়নফড়॥ইaড়ঝফগঅড়‚অউফড়ুউজুড়ঁউ‚ফহaড়yঊy উঘaঁড়ঘফড়ঙফায়নঅইঅউফড়াyগঅড়ুa—দুaুৈউফড়॥ইঅউবড়য়গঅ—াড়ইঅlড়॥ইঅউফড়— হlড়ঘৈউফড়ঊঅউঅড়আইঊঅউফড়সঁঘalড়থফধফড়ঘফৈঅড়ঝঅঝaরঅ।ড়
65,rec_02_audio_34.wav,সন॥ইঅউaগঅlaড়ঃফlঅড়ঙফড়॥ইঅউড়ঁদউaুaঃঅআঃড়ঁবউঃফড়ঊঅইঅয়নঅlaয়নঅড়ঁবlবড়pউয়ফড়ুঅুদুঅড়ঊখঘদয়জ ড়ঁউহফড়ইড়ঝঅঙউফড়॥‚গঅইফড়ঙুঃফড়াগঅড়ঙঅlঅউদঁফড়‚বড়ন॥ইজড়টঅইঅঝফড়ঁaড়ঃজইঅlজধফউড়ঝযঊlফড়সইঅlফড়— দউফড়ঊlদpজঊlদpঊড়সঁুজড় জঝদঝaয়নঅড়ঙজlaয়নঅড়lফায়নঅড়—ঃaড়‚অঁফঊঅগঅাড়সঁঝlড়ঊlড়ঘজআড়গবয়নয়নড়y‚বঁ‚অগঅপফড়lঅউঁফlুঅ।ড়
66,rec_02_audio_35.wav,‚বয়অড়আlজঊঅউড়ঃaুaড়গফংaকড়আlজপঅউড়ঃaুaড়আlজঊঅউড়ঃaুaউড়গঅআ্ড়ঃইদ উদঁফড়সঁুড়্উজঃঅইড়ঘফৈফড়আlজটয়নঅউড়ঃaুaউড়গঅআ্ইঅlফআড় দয়অউঅৈজঊআড়ঝঅগঅড়য়lদ‚দউড়lঅইঅlফউড়ঃঊদয়ড়ঙo‚ড়য়ফড়আlaঊঅঃ‚‚aউড়গঅআ্জুaড়পফগঅয়আড়ঃঊথঅlদ‚aড়সপ ফপজউঅাড়॥ঃগফড়ঝঅউঅড়্অউফড়‚অউঅড়ঃঊদয়ড়্অউফ।ড়
67,rec_02_audio_39.wav,‚অআড়yইঅউফঁুজড়ন॥পঙাড়ঃদ‚অায়নঅইড়ঊঊঃalফড়আগঅৈউআ উসআুফায়নঅইঅউড়ঝযঊড়l॥ইফড়yউ‚ড়ylদয়ড়ঁউ‚l‚ড়ৈo‚অড় অউদইড়ঝঅইaয়নঅউড়সঁুঅঘযlaড়়কগঅপফউড়আ়ড়াড়আঃগঅইড়ঘফ‚জইড়উায়নঅগঅউড়ুয়অয়নড়ঁবউড়ঊঅআয়নড়ঁউঊঅঊঅড়ঊa alদlঝalaধদুঁঊ॥ড়॥ইaড় অউঃlঅউদগফড়ঙয়নফড়॥ইaগঅড় ঃজইড়ঘ উড়ড়য়অঁুঅঝalaথগaয়নঅড়সুঅড়ইঅlজধুউফউড়গবয়নঅপঊফধৎঅড়ঙউ‚অlড়ৈজঊআড় হইদ‚ড়ঁউফড়॥ইaংaড় দউফlদংফ দউউড়ইঅরদ়গদয়পফগড়ঃoগদগযউড়ৈঅউৎফঃফপঅয়নড় দউ‚য়ফঁুঅড়ইঅlজঃঁফহঅুঅড়ঊঅগঅড়ঘaঁড়সহফ দউ‚।ড়
68,rec_02_audio_32.wav,ঊঅঘজধড়ুঅইঅউড়পঅউaড়॥laগবই‚অউড়ঁউবড়॥ইaড়থঅl‚aড়ঃঅআঁফু—আুফয়অ‚অড়‚জইa‚ঙlড়আlজঊঅউড়ঃaুa‚দউড়উ‚জইঅউড়আ—lজঊঅউড়ঃaুaড়ঃদঁজগগঅআড়ড়yটঅউগড়ঁaউৈইৈঅউঃফঁগফঝগঅআটড়ঃদঁজগবড়—গদগঅআঃদু ড়ঊঅগঅআঙঅুঃফড়উ উফ।ড়
69,rec_02_audio_36.wav,‚অউঅড়ঃঅউঅড়ঘalড়ঁজউঅআড়ঊউঅ‚অড়সঃঅড়ঁউঅ‚ড়ঊঅউড়ৈফড়ায়নঅঃaঝঅড়ায়নঅৈঅগঁফইঅউড় দউ‚alদুফড়থবlঅঃফড়॥ঃঁaড়॥ইaড়ঁaগঅড়ঊঅউড়আ‚বড়॥ইড়‚অইঅড়ঙ‚পজড়ুঅআইগবড়ঃoড়ঊয়নড়yউঊড় aুঅউইইঅlজধঅঊফঘফউড়ংদঊয ফউড়ইঁlড়টউদধঅড়ঁউড়সপফঝaড়সঙড়সঁুaড়গঅla‚ড়ঃঅউড়ঘalড়ুঅউড়ঙফপaগঅঝড়ঁউফড়॥ইঅউয়ঘaড়উড়ঙইফউড়ুঅঁফড়সড়ঁদয়অ অঃaঝa‚অড়ঙদফlফায়নঅউড়ইpদয়ড়ঝফড়॥ইala‚অ্অউড়ইব।ড়
70,rec_03_audio_0.wav,‚অঁaড়‚অড়ঙবড়উবঁদড়॥্lফ॥ইaড়অগঅঃaহ॥ইaড়ঊঅগঅড়ঃa॥্lফউড়ঘalড়ৈঅগড়ৈফইlড়য়অয়ন‚ফড়॥গঙগযগঅৈঅlফlঅড়ylফড়ঙজঁঅগঅড়ঝঅঊlফড়স‚ুঅড়ঊঅগঅঝঅউড়॥aয়নফড়॥পফড়ঁবlড়laইড়টঅপঃড়lয়য়ফড়আউড়ঙঁঅগড়॥ইঅংড়ংalড়ঝঅয়নaঙঁ।ড়
71,rec_03_audio_12.wav,ফুঅড়সআড়আনফড়ঊআউঅৈaয়নড়॥ঊঅউড়ঃlড়ঘউড়ঊoপজগঅড়্বউaয়নঅড়ঘফপজগঅড়থlঘউঃঅড়ঊগaউড়টঅধঅনড়য়ফঊড়॥lফঃজগড়ঙঁফউড়ইঅড়সআড়ঊআুঅড়ঘঅউ—lসঁুঅ উসআুড়ইaয়নফৈlড়্ণউaয়নঅউড়l॥ইaড়ঁalদ‚জড়ংaড় দউফথlযড়‚অৈউঅড়ৈঅউৎফড়ঁফ‚বড়সঃ‚ফড়সঁুঅ আয়নফড়ঙুlঅড়থফধড়ঁউ‚ফড় অউঃalঅড়॥ইaঘফড়ঙঅপফহফড়‚alড়়অ আয়নঅড়ইফনঅঃঅ‚ফlaঃaড়ঝঅ‚ফড়সঁুঅড় উa্বউaয়নঅইaড়ঊজংaকড়্aগlঅড়ঙউযড়সঁুঅড় উজ্উয।ড়
72,rec_03_audio_18.wav,ঃউ়দ়lদ‚দউড়॥ঃগফড়ঃউ়দহlদ‚দউইlফড়॥‚দয়টঅগদগঅপaয়নঅড়ইঅউড়ইৎফড়ইঅlজধফড়ডজইlফউড়ইlফইঅউড়ইlয়নঝঊড় উal‚উড়ইফয়নফঘফউড়॥উঁaড়ইlফউড়পঊযড়উবপফথlঁফ‚অআ জউalড়‚উদইফড়য়ফড়সুঅড়ঊaধয়নঃফড় দউaয়নফড়স ইlড়ঊaউবড়ঙয়নড়সপজগবড়ylফঁড়ঃজlড়pজউৈড়ংaয়নঅ‚জl়lড়ঝযইlড়ঘফঊড়ংঅঝড়সৈঅlাড়য়ফড় অউঊ‚aড়উঅঁুঅইঅlফ।ড়
73,rec_03_audio_9.wav,ইফড়ylফড়ঙঅয়নঅঃফlঅড়ঙয়নফআড়ঊআঅড়ঊঅগঅlঅয়নআঁুঅআইড়্বং‚অইড়॥ইঅুড়ঊঅকগঅড়াঁফউড়ঊঅড়ঘঁড়ঊআয়ন॥ইঅউঅড়্উঅাড়গঅপসঁুড়ঊআয়নঅইঅুড়ঘগড়গফড়ylফঙয়ফড়ঙয়নফঁুঅড় অগগঅঝবlড়উঅঁখ‚aঃফড়আুঅইঅউড়থফধড়ঙউঅ—গঅপড়পবইlফড়ুঅড়lফথঅউড়ই‚ড়ঙঅlঅড়ঁউফlড়ylজয়অড়সইঅlফড়lফঃঅউlবড়ঘaপঅড়ইaঃইজlবড়থফধড়ছয়ফঁ‚aড়থজউজ‚অঁaড়থফধড়ড়ঁউদৎa‚ড়গaডফৈউয॥উড়আঘঅlaকড়॥ড়ইaঅুড়ঊআড়্উaয়নঅড়্উ‚aড়ঁaরদ়aু॥ইaড়থফধড়ঁউ‚ফড় অউফহalফ।ড়
74,rec_03_audio_15.wav,ঘঅউৎফুঅ উড়সুঅড়ঃইদ উড়ঁaঅইaঁড় a‚অড়ঙু‚ফড় অlফ‚ফ‚বইঅউয়নৈফ‚অড়॥ুদংঅড়॥ংদয়অড়ঃইদ উদঁড়ঙবঃফlড়্ফlদঘউঅউড়ঃঅগজয়নঅউড়‚বয়ড়॥ংংঅ‚a‚ফড়ৈজঊ অগড়গঅপফড়ঁlফড়ঊফথaড়ঊঅগঅপফড়lইlড়ঙয়নড়॥ংংঅঘফয়অ‚ড়গঅপগফড়॥ইঅউড়ৈঅায়নঅড়ঘফায়নঅড়ঃ দ‚অড়ছঅংaঘaড়ইজগlaয়নঅউড়ঃঅ গঁঃঅংa‚aড়ইঅইঅউড়pফয়ঁফড়— য়নহঅউড়॥ঘalঅনয়নঅঊlদঘড়ঊlদঘউড়ঙফড়॥দংঅঘদয়ফড়ৈ।ড়
75,rec_03_audio_37.wav,ড়॥ঊঅউড়ঃঅইlফড় উaঁুঅড়yুঅাঁaঃজ ংaড়ইlফ—উবড়ইফঅউড়ঁaড়॥ঃদঁফউড়আড়ঊঅউফউড়উজুalড়ুঅইঅউঅউড়়aঁড়ই‚বইফlদুaউড়ঙউঅৎড়ঃঅpঅউlদংুজlড়ংবপফড়ঃজlড়ঘউজুalড়॥ইঅউড়য়ফুঅড়॥হফlড়ুঅড়ঊঅlঅআঅ॥হফড়স়অইফড়সআড় ংaঁদঁফ্ংনফড়॥ইaুঅয়নড়থaঁদঁউড়ইpইঅlফউড়ঃঊড়ঁaহজড়ঃঊড়ঃঅঊঝফউড়ঁaটঅঊফড় অইড়দউ‚aুড়পৎুঅড়়aঁদউঅড়পঙlজপবধউড়ঙউ‚অlড়ঁlaইolঅড়ইঅঝড় ু‚অই।ড়
76,rec_03_audio_45.wav,ঊaঘফথড়‚aউ‚aউফড়সুaড়ইঅlজধড়ঊফথaড়সআড়ঊaঘফথফউড়ইpদয়ফড়ঘফড়ঙঅঝঅউগবlদংlড়ঊফথaড়াড়‚অউগফপজ‚অউঅউড়ঊaঘফথaগড়গlদইয়অlফঃউaড়গlদংlড়ঙায়নঅড়ঘa‚দaনগlদউড়ঁউ॥আ়দহফ‚ফড়‚দ‚জইউঅড়সগঅঁঅউড়—lদlয়নlড়ঃaগফুঅউড়—lদlয়নlড়‚বইউঅপদউঅপঅগফউড়—lদlয়নlড়laয়নফড়ঁুবঙউঃঅlড়ঘaঁa।ড়
77,rec_03_audio_53.wav,॥উ॥lুaঁalদ‚ড়lফঙড়ইঝঅউড়উঅlদlঅড়ঙউ‚ফড়ঙlড়ঊঅগগঅপফড়॥lদুaড়॥lদুaউড়ঙঅ‚দ‚ফড়ঁদফয়ইlফউড়lঅlড়lঅায়নঅথaঁদঃaড় ঁফড়yঃইয়নফড়ইখ‚aুদউউড়॥ঃগঅইড়ঃদঁজগউড়্ুlঅড়ঁগফড়ঝফড়ইlবঙয়নফড় উগঅইড়াঃইয়নঅড়ইদয়অlদুফউঙঃঅআড়্aঁদঃaড়॥lদুaাlফড়্aুফড়yঊlফড়সঁফড়হঅুথ‚।ড়
78,rec_04_audio_14.wav,ইpদয়জড়॥ইড়ঁফয়নঅউড়িঅঙইইউপaগঅড়্অউঅড়থজউজড়yউদ‚ইড়ঁoউঅঊঅঘফড়॥ইঅড়॥হঅউড়ঙঅনa‚অইypঊদটড়ঊlদpঘফউড়ইpদয়ফড় অlঅইবড়yঘaকথড়ঁফ‚ড়ঃফগফঘফউড়ইpদয়ফড়ঊয়নঃlদঘযড়ঙঅগবড়॥ঁaড়য়ফ‚অড়ইঅছড়ঊফথaাyপজগড়ঊফথআ‚ফড়ঊaথফধড়ঁoউঅ।ড়
79,rec_04_audio_26.wav,‚অউড়ঘৰউদpড়থঅঙঙউঅউaড়য়অয়ড়সঊকড়ঁaঊঅঙঅড়সঁaড়‚অড়ঁগগফড়সঝlড়ইঅlয়নড় অগঅড়ছঁ‚ফড় অউফড়ঊফথফধড়ঙoউঅয়নঘড়থaঁদধaড়ঘবায়নঅউড়্aঃlঁaঊঅউড়সগঅঁঅউড়ইঅর়জউaঅুঅড়ঙ ড়‚অঁফড়সঝlড়থদঊযঁদখ‚ড়্জয়নঅড়পঅ—উড়ঃঊগঅপযড়ঊঅগঅড়ঁঅইঁউঊ।ড়
80,rec_04_audio_27.wav,ৈফয়নফঁaগদগঅৈa‚ড়উ‚ড়ঃঅয়নড়ylফঁড়ঃটয়নফড়ইঅlজধফড়ylফঁড়ঁ‚অগবআয়নঅয়নড়ঊজঘদpaড়ঃঅয়নড়্বউঅইউথব‚অয়নড়ৈaগঅপa‚অড়গবায়নঅগঅপফড়াপগঅঝঅয়নড়ঃঁখ‚ড়ঘaড়সুঅড়—়দ়ঁদৎপঅহড়ইঅlজধফউড়ঃফ অৈউড়॥উড়সঝlড়ঊঅগঅপফড়ঝয়নফুaড়ঙaঃফঊফড়ঊফথগগঅপআড়ঁজlঁধফঘদউফড়—ঊঘগড়উঅৈঅ।ড়
81,rec_04_audio_33.wav,ঊa‚দউটৰইaড়‚alঃড়ঃঅঙaংঅ—গয়নঅউড়ঊফথড়আঁঅlঙlড়াগaঙড়াগaয়নগaয়নঅাঊঙগড়॥ঃolড়॥ড়ঃaগফংবগবঁঅউযড়ঊঅকগঅড়ঃজইজঝফড় অঁফু‚aঁড়ঃজlদpউদঝউফড়সঁুঅড়ঊaথফধড়সগঅঁঅড়য়ফৈঅlবড়ঁজড়ylফঁlফঁড়ঘফৈঅlড়ই‚ড়ঝঅয়নপঅড়॥হফড়য়ফৈঅlবড়ইঅlজধড়ঃঅউঅড়ঊঅকগঅঘফথড়‚অঁফড়স।ড়
82,rec_04_audio_34.wav,॥উাড়ঁa‚অড়ঃঅউঅড়ঊaথদঊঘফপফাড়পজউঅ‚অয়নড়ঊaথফধঁউaড়—উজ ড়ছঅঁফড়॥উড়yইঅড়ঃaগফুড় দউঊঅথযড়—ঘদয়়a‚ড়সগঅঁঅড় দউঊঅথযয়নড়ঙগবউড়॥য়নাআগঁফউড়ঃaগফুবউড় দউpঅlড়॥য়ন॥উড়ঃaগফুুদউড়yউদছlo‚aউড়yঊঘlড়॥উড়সড়সঊlঁফড়ঊঅকগঅঘফথফউড়yউদছlদুaঁফড়yঊঘঅl।ড়
83,rec_05_audio_15.wav,ড় উaউড়ইজগয়নঅউড়yঃজসঊঘফঘঊউফড়ইঅ্ফড়্aগঅড় জদউl॥হফঃ‚ডlঅড়॥ঁঅ‚ই‚laড় অaয়নঅড়ঙয়নগঅ‚ফঃফগংনঅড়—ও ফঁড়ঁaহজ।ড়
84,rec_05_audio_6.wav,yইজঁউযয়নপlঅড়াপফঘalগফউড়ঊa়অউড়াফড়—ঘযlঘঅlড়ঊদফ॥ইফড়oহফড় a‚অউড়  জড়সাপঅঘফঃদ‚অনllঅঙঃঅঃঅড়॥উাড়ঘজআড়ঝlদয়ড়ঁউaহlড়la‚অড়‚অউঅড়॥laঊঅপaড়॥ইaয়নঅঙগদয়অlদংড়গগড়ঊঅয়নড়‚ফড়॥ইa।ড়
85,rec_05_audio_3.wav,‚ইlঊ‚ড়॥ইaড়ঁজঊaড়॥ইঅউফ ফংঅউঅয়নফঁুড়ঙoগ অঝফইয়নফড় উথ‚অপজউঅড়॥হফ‚aয়la॥ইaড়পজগঅড়laঝa‚উদপফধুড়lla‚অঙlফড়ড়ঘalড়থঅহঅফউড়াlবয়নঅড়ঊঅপঅআঊফউঅড়পa‚ড়lঅায়নঅয়নড়yঊঃদ‚অপজংঅlঊফউঅঘজ গঅড়ইঅগফঁযড়উঅপথa।ড়
86,rec_05_audio_31.wav,‚ফইড়ফঘঘlঅড় ড়ঊঅউaইঅউড়ঃজaয়নউড়ঊঅলaড়ঙaহফঊlউ॥ইaড়ইটপ‚aউঊঝজইঅউফউড়বড়
87,rec_05_audio_53.wav,্অউদ‚ঁদধঁa‚অড়ঘফঊড়আlদpউlড়ৈঅাlড়ঘঅায়l॥হঅউঅl‚উড়ঃগগযজ‚ড়॥lঅউড়—ঁ‚lফ‚অড়ইঅহড়ঁজইজঊদয়ফড়ঝগlঅপঅইউড়a‚ড়l॥ইউঅউড়হaগফংফউড়ইঅlজ়aনড়ঘফঃদুঅনযড়থঊঘঅহaড়yঊঝজlড়ইঅউজধড়ঊআগযড়‚অউড়গবঁফড়ৈজথগড়ঊaগজইয়নড়াঁঝঅগযড়াড়ঁইঅlফউড়ঃউবঙঅঘযনফড়॥ইউঅড়়aগফুফউড়ইঅউজ়গaঁফড়ইঅlজধ।ড়
88,rec_06_audio_9.wav,‚দ‚উফড়টজওঊঅগঅ—ঢগয়অসউঅড়॥ঃইয়নড়ঁফড়‚অড়্উঙৎযড়॥ডউঅনঘউঃইয়নফড়াউঅড়ঊঅগঅড়ঊগগঅউড়ঁইaদগ়গফসুaড়ইaঊঅগঅঊঅগঅঝউদঝlঅড়pগlঅয়নবইঅড়pউaয়নড়॥্গবগঘফ।ড়
89,rec_06_audio_4.wav,‚অউঅড়ঁড়ঁa‚অড়॥ঙউফড়ঁজlঝঅপঅয়নড়॥হফড়য়ঝlফড়ঊউদয়ুaড়ঃঙউফড়—উজlসঁহফ॥উফড়yপঝloগদগঅআlaয়নফlaয়নlয়বঘloগঅড়া‚অড়পঅংইযয়নড়ঃদ‚জউa।ড়
90,rec_06_audio_1.wav,ৈউaপlদঁউaয়নঅড়গoউড়॥ঊদউঙৎইঅঝঁবlড়গpঅঊফঘদl‚alঅড়‚ঘalড়ঘদঊউফড়l॥্lফউড়ঊয়নধদছড়ylফঁশহফ‚ফড়সৈlড়॥ইউঅউড়সঁুজড়থaঁধঅআুঅআlড়সড়ঃaগফুফউড়॥হঅউড়॥হঅউড়॥হউউড়শ‚‚উড়pগঅড়॥আউaন।ড়
91,rec_06_audio_16.wav,॥lথaঃদ‚দউফড়ইaনঅআlঃlআড়‚অlবড়ুজউড়ঁবউঅড় অউহফাড় জউঅঁড়ঙaঃফফড়ঊদয়অঊঅউড়বঢঅইঅপফহফড়ঊগগফড়উজ ফউড়ঁজউঅড়lঅঠড়ইৈlদ‚ড়ড়ঃদুaগবউঁজউঙউড়ঙজউঅউড়lড়ুআaথড়সৈlফউড়ুaগউঁজউড়ায়নঅড়ঙউ॥গইড়ঃপঅঝ।ড়
92,rec_06_audio_27.wav,়ুড়ুঅঙঅঝফ॥গঅঁঅগঅয়নড় দউয়নড়ঁয়নবঝlড়ঃ ুঅড়ঙঅঝফঘজগঁ‚অউড়ঁ‚অঊaঊঅয়ঙফউড়্উফড়সুঅড়সআড়ফুঅড়য়জঊlড়ৈঅগবউড়সুঅড় অউaঊঅউaঁড়ঝযঊlগঅয়নড়ঊযঝঅঊaথড়ঘঅই o‚দঊড়ঝযঊlড়ঝaউফঁফড় উঊফl।ড়
93,rec_06_audio_65.wav,lইয়নড় জপড়ঃফঙফড়হইগসৈlবড়ঊঅঃউবড়পaয়নঅ্জড়ঃদ‚জইঅউফঃlফড়ঊঅংঢa‚ইফড়॥ায়নঅউড়ঃইদটজড়ঊআঃফlঅসউঅঙlফড়—পগঅউফড়ঃalদ‚অড়ঁউঅউফড়ঃalদ‚অঁহaঘঅড়ঊঝড়ঊউ়উঅড়সঁউফউড়উ‚ড়ুড় ‚ঃal‚ড়ঊথউফগগড়গনফইড়ঙঅআউঅড়াড়ঝঅয়নউড় alaঁজlদংaড়ঁদধয‚দঊফl‚ড়াউঘঅড় উaধlঅয়অইফঝউড়‚অlনউপঅ‚অ।ড়
94,rec_06_audio_80.wav,গaড়ঝগঅড়ঙয়নয়স‚অউঅড়য়‚ঙুaঝপa দউছইঅগগঁাড়lজুঅআগযড়yঊlদ‚ড়ঃঅ্উঅ উ‚ফড়‚alallফউড়lঅইফআড়yঊয়ফফড়ঙঅঊaঝদয়য়য়ঙঅড় উ‚ফউঅনlয়অঊlঅপড়উlফ ড় a‚অড় ৰউদঊঅড়াড়‚ড়ইaউপঙalড়lুজউঅউড়উঊৎপফআড়আlআঁaয়নঅড়yঊৎড়‚ৰউঅউঅ‚বঘaড়ঝঅইড়ইন।ড়
95,rec_06_audio_87.wav,অউফড়অplড়সঝlড়‚অঘalঅড়॥্lফউঅউড়lঅ‚জlড়‚অঃa॥গঊঃফড়আlদlপফlফড় ঁঅ‚ড়॥উঅইঝaঃlঅড়ঘবনঅ lফউড়য়নঅউইড় অুaড়ঊউড়॥ইউঅউড়উউড়অঊঅড়ইঅড়॥ ঘoগবপযয়নড়ঊজংঅঊফুঅড়ypয়lড়ঁoগঅকথগঃছঅlড়—উদঘঊঅফ।ড়
96,rec_06_audio_101.wav,‚অউপবগঅঃaাড়ইঅl‚উaয়নঅড়ঙয়নফই॥পফঝফড়সঃঅড়সৈুঅঙউaয়নঅড়la়বউড়‚অউড়ঁজlড়ঘফঁঅড়ঘaঝঊlঅড়পফউব॥অউৎড়‚বউড়্ফউ॥ইaড়ঘফlঅইlফউড়ইংগড়ylয়উঅঙঝবড়াঃঅড়ঃঅপজউবড়lফঊঅগফআড়য়বঝজড়lঅপফা‚অlফড়হaঊঅড়॥ৈজইনঅড়ৈআউঅ।ড়
97,rec_06_audio_104.wav,ঝই‚a‚অড় অউগফুঅৈঅঃঅউঅড়lঅইঅঘ‚অউaঝড়ংঅইঅ জঁঊড়‚ঊঘঅগয়নফঁঘঅয়নড়ংঅইঅ‚আঝফড়গপঅউড়ঁঅউঅঙউঅনড়ঊড়paগসৈlড়য়অউঅঙaঃlফড়টৎদয়ড়ঊঃঘফড়ঙয়নফ উড়ঃaঊড়ঙগউযড়ইঅ‚দউঅয়নড়ৈজয়নঅইড়আকুaঁঅগড়গজয়নঅড়গবয়অউঊফ।ড়
98,rec_06_audio_93.wav,॥থঅায়নঅগaড়‚অlড়ঙaঃফঊফডউlঅংঅlদংদউফ জঁউaধড়ইঅlaড়থবপঅআড়সপঅঊlঅড়ইফয়ঙঅ়থফধগবঁঅউফউড়ইঅঃঅড়আগফড়্জজউড়ঃজঁঅয়নউঅlয অlaধপঅগaড়য়অয়নঊoথঅনঁজlবড়ঝউদংঊaধদুaড়ঘফড়‚ৈlঁজইঅlবড়্অlaড়ঊউফ।ড়
99,rec_07_audio_3.wav,াড়—উদ‚সইlঅনাড়yঊথউড়ঃইয়নফড়পখঙaৎযড়ঙaঃঅঊফড়য়lদইঘঁঅlড়য়অয়নফড় ঃইয়নফুজড়ঊঅউআড়সুজড় জউফ‚ড়ঊউআড় অlদ উয়অয়নড়‚ড়ঃঁউইগবড়য়অয়নড়‚অউঅউসঁaড়lঅঁঅুঅড়ঁউফড়উ‚ড়ঃঅৈউaড়ুঅৈউaয়নড়ৈউ‚ফlড়lফlaড়ৈউ‚অই।ড়
100,rec_07_audio_1.wav,॥ইঅয়নউড় উaঊঅউফউড়ঃঙাঁড়ঃaপaয়নঅউaড়ঃঅআংড়ঝইঅইউঅড়ঙঊঅlড়ঘজআড়্অড়॥ইaড়উড়॥ইঅউড়ঝঅইঅয়ন‚ড়‚অআউফইজঁড়ঊয়লদঁড়॥হড়ঃদুফlদুaউড় দয়অুঁড়॥হফl‚অ উইফড়lঅইa‚ড়ঙইl।ড়
101,rec_07_audio_11.wav,ড়॥উড়সৈঅlফড়ঁফড়ঊঅআয়নফউড়হঅঁদউaগড়গফপফড়‚অৈঅড়lঅড়়অ্aড়গফঁফআড়ঁফইগঅয়নড়়অঁaউড়গঅৈফড়ছঅঁফড় উa জউড়াড়॥়দহঅড়॥উড়॥—ঊঅয়নফউড়ঊঅংনaড়‚oদগaপজড়ইফঙফউড় জউ‚ড়ঊaঁঅই‚অঊড়সঁঅঊঘঅড়া‚অ্ঘফগঘজআড়ঊঃ উড় উব।ড়
102,rec_07_audio_43.wav,ঁজজড়্দউফlদংজউড়অথঅড়paয়নঅউaড়॥ইউইড়উয়নফগফড়—ইয়নফপঅঘalদ‚অঁ্জঊঙaগঅউযসউদpড়ঙয়নফগংয়অঝঅইফউড়ঃaগaুaড়ঁঅ ঃঅড়াড়ঙড়াড়ঙউ‚অগফউড়ঘaড়॥lদুaয়নঅয়নড়॥lদঁফগফড়ইঅlঅড়ঁউ‚lঅঃঙঅঝoহজঙঅঁফ।ড়
103,rec_07_audio_23.wav,সুaড়ঃইদঊঅঊaঁড়ইঅlফড়॥ইউঅড়ঃaগaুaউড়গফপaড়ঃঅঊঅঊফড়ড়l—ঃaগফড়ুফগফঙফড়ঁদধফ‚দড়—উ ড়ঘবড়॥ইঅউড়ঃঅঃঅঊড়গবযড়ঊগঅ‚ফড়ৈঊoগড়ঃঅহঅড়ঃঅঃঅউড়অগঅlঅড়ঘযঊঅড়ঊaড়॥ঊঅউঊঅউঅুঅগযঊসুগবপড়laঘফঝউড়ঁঅগ়অড়ুফড়ঁুড়ইঅপaঃফড়াংড়গঅঁয।ড়
104,rec_07_audio_38.wav,ড়সুঅড় অগবঝঅআ‚অlঅড়ঙaুঅ্ংঅঝঅড়সঁ‚lঅঁড়ঊদয়অুaড়‚অায়অয়অয়ন‚অlঅংংফঁঃবড়ঊবয়নঅঝঅয়নa‚ইঅয়নড়স আয়নঅpa‚ড়ঝঅুঊফঊফড়সঁঁফ অউফ‚সঁlaনঊড়a‚উফড়॥ঃগঅইlঃঅঃদঁজগঁফহফড়ঃদঁজগবউড়ঙঁগড়্দউফlদংদউড়y॥ইaঃaইalঅঃ‚ঁaড়ঙ‚অড়য়অয়ুঅ।ড়
105,rec_07_audio_54.wav,ঝঅlঅউড়ইpজড়ঁউঅ—ফড়‚অউঅইদগঁফঘঅড়থগ‚ফউৈaইঅগপঝঊড়ঊফড়বয়নঅlদয়অঝঁaাড়পঅগঝড়ঁগফঝুaড়ঙঃইঅlফড়গড়ঃaগদ অঁফউড়ইফlদুউড়ঁউুড়la—lজ অউঃaa‚ফড়lঅউফড়ঃঅআুড়্উঅআঁফুaকড়ছফঁফড়ইঅআঁফড়ৃঅপফহফড়‚উঊইঅড়ঘফঁফড়ঙউঃফ॥ইটআয়নফহফ।ড়
106,rec_07_audio_57.wav,ঃউঘউযয‚ই‚অইজঙহফস়অ্‚ফড়পজংঅপজউফাড়ৈঊজড়ঙজড়উহlড়ঁজরঝঅপঅড়ড়ঊফথaউড়্ঃlদঘড়ঊঅড়ঁজরদঝঅপঅড়ঝঅনa‚অআl।ড়
107,rec_07_audio_71.wav,াড়ৈঅউগঅঝaঁফড়আঃগঅইড়পয়নফউফড়াড়ঁথঅহঊড়ুজঊaঘদয়জগaগঅআঃaঝlড়ঊবয়নঅউড়ঁদউঁa‚অড়‚অঁফঅlফড়ঙঅইঁঅড় অ ড়lঊগ্ড়সঁুজঝঅপঊফথalঅড়সয়নঅই অগফড়ৈবইড়সইঅঝঅlঅড়ঝঅপঅlড়ইঅিফড়‚অlঅড়ায়নফঁ‚অড়আয়নঁউaয়নঅউaড়‚জআহফড়ইঅlফড়ঘফঙঅউড়ই‚বহঊaুড়টaজড়‚ৰগাড়ঊঅআয়—ড়ঁউব।ড়
108,rec_08_audio_7.wav,ড়ঁজlড়ঘaফধড়laঃযlফড়‚অউঅড়lal‚অউঅড়laঁঃঅড়‚অউঅড়ঘফইয়নড়ায়ইঅউ॥ইউড়ৈ‚আড়হফঁফড়‚অউঅড়উফড়॥ইaয়নফড়‚অউঅড়ঘaঁড় উদয়lদ‚ড়্গঃফআয়নঅঘযইড়সউড়্গয়নফউগজপদয়নঅউযড়‚অউঅউড়য়ফুঅড়ঊঅগঅগঅপ ঝফড়ঊঅআ‚a‚অগঅড়ঃঅয়নউড়—ঊঝঅয়নa‚ফঃঅআড় দউ‚অউঅlফউড়‚অউঅড়ঙঊঅআড়laড়য়অআ‚অউঅড়।ড়
109,rec_08_audio_34.wav,ঘlaন॥ঝফুঅইঅঁউড়াঘঊঅউড়ডউড়সড়—‚দlঅড়ঁউড়য়অুঅড়ঊঅঙউঅউড় উড়সঁুঅড়‚অউঅড়আ—ঃড়ঁউফl‚অউঅড়ঁয়নঁফ‚অড়ফঊঅঙড়ৈঅআড়ঊaঝঁঅlঅঊঅঝফড়ঊঅড়ঙ‚o জ‚ড়ঃoউগউড়ঊঅঝফড়ঊঅঁঊঅংনaড়য়অয়ন॥উড়॥ইউঅউaড়ঁঅllঅড়ঝoগবঊaংদুঅড়ঃঅগঅ।ড়
110,rec_08_audio_21.wav,॥ঁয়নফlদুড়ৈয়॥ড়॥ইউঅউড়ঃaগফুaউড়ই‚ড়‚pছlগঅড়‚অহঅউঅড়॥উফঁুঅউড়়ala়জউaগজড়ঁদয়নঅউaড়সৈুঅঝala॥ইঅউড়পফঃফউড়ঃঊ‚অঁফড়ঊফথaড়সইঅlফড়সসঊঅউড়ুবুঅগফড়॥lজঁইড়কগড়॥হফ।ড়
111,rec_08_audio_46.wav,উইঅউঅউদঝফl‚ড়অঊঅউড়য়ফাড়টউঊঅআড়‚অনl‚ড়॥ইঅউড়আড়॥উউৰ ঃফআlaয়নঅউড়yউদ‚ড়‚অঙalফ‚‚বঅউড়y‚ুঅড়পঝ্জউবাঘফঙঅঁফগব়ফড়॥ইaড়ঁজlগৈঅlড়ঊঅউজআড়পফগঅইড়॥ইaঁফড়॥উঙ়lদংদউফড়উুaঊaঘড়ঁউগঅইড়আপজগবাড়ঊঅঘঙগদগaড়গঅইড়াগঅডউaড়ঁউফড়।ড়
112,rec_08_audio_63.wav,—ঝঝফড়ঁঁদঃইঅ॥হঅগঅইড়গফঁইঅlদঢঊঅগঅহফইlফ—ঝaউড় ঁদঃঊঅঝঅউজইঅlজউড়ঝঅয়নlঅড়গaফ ঃড় জঘদউড়হঅউঅঘফৈবড়ঘফঙঅউড়ই‚ঁখ‚হড়॥হaঁaহlফন‚জড়ঃaগফুড়অ—ঝউlঅড়টঅআঊঅয়নড়ঙঅlaড়ঊঅঙঅঝবড়ঃঅlঅড়ঁaড়ঘজড়lঘযউ‚ড়yঊঅ॥ গয়নড়ঙয়অয়নড় উপবগবড়lঘয অড়॥ুঅঅউড়পৎপ‚ড়গফগব।ড়
113,rec_08_audio_70.wav,ঙগয়নফঁুঅড়ঊঅপঅউঊঅপঅlটঅlযড়ঊঅআউড় oউঃদঁঅউড়‚অুগফ‚ড়॥টজড়ঊaঘদউফড়াগ‚ড়ঙউফথদ়অগজড়টoউaঃদঁঅড়উঅয়ফড়ইlফড় ‚দয়lুঅড়ঊঅংনaড়ইৰগয়নঅড়ফঁুঅড়ঊঅঝঅই অlaআগদগঅগঅপফড়॥উড়ায়ফlযড়ঁফগউইঅঝফড়পউঅঃlঅইড়ুঅলদপজয়নঅউড়॥ায়নউড়ঙয়য়ন।ড়
114,rec_09_audio_9.wav,lঅড়ঝজlড়ায়নফড় উফঁফ‚অইঅউফড়‚অউড়॥পফড়—ঝlফউড়॥পফ‚সড়॥ঘঅlফlড়ুফগড়— ঝঅগঅড়lফড়য়ফটঅঊফআড়॥উঅড়সআজড় aঁদধaড়ঁউযড়ঙঅআড়ঁoফড়yটঅআড়়ফlদুফড়হঅউড় aহঅlজড়ঁউফউড়ঙ‚অড় aঁদধঁউফড়খঁদ lড়ঁউa‚ইঅউঅড়়অড়ঢফঁফড়হঅঁউড়াৈlঅড়অইaঁঅংaড়সউদঘaড়গইগইদংঅঊফড়॥ইঅউড়‚জড়aঃঅউ‚‚ফড়ঊফথফড়়অ্ড়॥ঃফড়‚ফড় বউঃদ‚‚অpড়ঁউফ।ড়
115,rec_09_audio_22.wav,ঃগঅ্aউঅড়ঁউফড়স‚ফড়ঁআগa়ফঝাড়ঁউড়‚ফড় অইaড়গঅনa‚ড়‚অইফড়॥ঊঅউড়ঁড় দগফথড়ইঅঝফউড়গজঃুফুঅড়্বগঅয়নুফড়ংaইফড়ঙুঅড়ঘaয়নঅ॥ঙযড়ঘaগঅআঃaংaইায়নফড়ুঅঁজlজগবউড়—ঃদুয়নঁ ফঃইaঁফ াফগ‚অআlবউড়হবুঊয়নঅ়অঘফউড়ঊহবউড়সউড়—়দুঁঅয়নaড়‚ঊফড়lঅগড়ংaইুঅড়ঙঅয়নটঅ‚বড়ঙঅঙa‚ড়ঁঅউফঘফফড় হজফঁফড়॥উাড়ঁউআও উ।ড়
116,rec_09_audio_29.wav,ইখ‚দয় দউঊঅআaঘঅপaঝঅড়্জউঅআয়নঅড়ঘaয়নঅপফগঅপফই‚la॥উড়উজ়ুaয়নঅড় ফথগজআaড়॥পফড়গঅফউঅlড়গঅঙড়॥ইaড়ঙঅুগঅইঅড়ইফ‚অয়নa‚দঊড় জউজঁফড়ঙআ‚অ্গঅইঅউফড়॥ইa‚জগঅড়ৈগঅইlঅlফড়ৈঅড়উঅইa‚ড়ঝঅla‚অগঅউঃঙঊঅঊড়ঃঊড়ঁদধধদুদউঁগগঅটঅঙaড়টaঁlaড়‚অআlবড়—ঘদ‚উগঅ।ড়
117,rec_10_audio_18.wav,‚অউঅড়pউlড়ঃঊফড়াড়ঃঊড়ঁaহজ অ‚ফড়থaয়নঅউড়ঁউফড়পlবড়ঁবlড়lঅঃঁফড়॥ইঅউড় অঃঅছফড়ুড়lজধদুঅড়lঅইaয়নঅইফগঅড়পঅalড়ঘজড়সঁঝlড়‚অড়পঅঝ‚অla‚অড়আlদংবপaয়নঅড়ঘঅায়নঅpদয়aগঁ‚অlঝa‚ফড় উঝঅla‚ড়॥আঊঅড়lঅ্জঃফগড়গঅআ‚ফগড়yঊঅউদ‚llড়॥ই॥ইউঅড়‚অউফউড়ঁবlড়উবধদুঅগড়অঃগঅlদঘউঅড়ঁয়নঅইংঅ।ড়
118,rec_10_audio_6.wav,হlড়ইয়নlঅড়আউফঊজইউড় ব‚গড়ঁগঅঁইড়‚ফপজঃ ফউড়হaগফlঅআ ইউড় উ‚অউড়॥pঘফঁড়l aহ‚অউ উঅড়ইফয়নফড়—ুlড়ইফফড়ঃঅ‚ফড়য়অউড়ঘaড়ইজঁদ‚অউড়্উঅড়ঃকথঅঃফউড়য়অদঁখ‚ঁফনঙঝঅ॥ঝlঅঁ‚অউদlঅঊঅlদয়অড়ঊঅঃl‚ঃউঊউায়নঅড়ঁঅউড়— ‚অlaথদউছlদয়ড়হউঅ॥ঘaড়হaগ।ড়
119,rec_10_audio_12.wav,‚্উঙঝa‚‚জপউঝঘaআগlড়্উঅয়নঝঅনa‚দঊড়আঃগঅইঅড়ঙজঃঅঊফ উঘঅউড় a‚দউফড়‚অঁফড় বয়নঅগঅপগবঁaহজড়ঁউ‚ফড়ঙগ‚॥্অড়আlদুঅউlঅুঅউড়ঙঅঝদুঅঝড়ড়থaৈlড়lঅইযআ‚অড়্o‚ফড়আড়aঁদ‚অউফঊয়নফড়ৈঅআঅ‚অআয়নফাড় অঃঅঅড়ঙবঃইদটপড়সইড়ঙড়আlদুঅউlঅুঅউড়ৈঅই‚ড়ঘউৎড়পউঊoয়নযড়ঙউঅঝঅউড়lইlaু।ড়
120,rec_10_audio_3.wav,য়নফঁঘaউlঘড় উইঁঊউড়আড়গফৈa‚অড়ৈউঊঅড়llঅ‚ঁ aউফঅঊঅ উয়ঘদ‚ঝঊফগড়আ়়ঊঅস়অনঊঙগঃo‚‚অআড়সইlফঘউlঘফথফউড়য়ফড়ঊঅঝঅউঘউড়ঊঅঝঅউড়ঊঅঝঅউগজনফঁa‚অড়টআঊঅআlড়ঙবহড়য়ফl।ড়
121,rec_11_audio_15.wav,‚য়ফড়yদয়অইlফড়ঊঅংনa‚‚অঁদগফউড়ঁফ‚অড়্উবঁঁঅড়ঝঙlবড়পঅংaপজউঅড়ঃঅগঅঊlঅড়ঊঅঊঅংনa‚ড়‚অঁগফড়ঊঅআaগড়‚বড়ঁদয়অইদঊজআঃইয়নঊঅআ‚অপগফড়ঊআঘঅঁaড়ঊউুজপaয়নফাআয়নঅইড়ঊআঊনফগদুড়টফআগফড়‚ঃজড়সুবড়ুঅআই অড়হaগ।ড়
122,rec_11_audio_36.wav,pউদইড়ুউদইগআয়নঅয়নঁুফ‚অড়ঙআড়ঊঅয়ন‚lদঊুজউড়ঊগ‚ফড়॥গবঊহগড়ঊlদঘউড়ঊগফড়য়বনঅঁaড়ঊফুঅউঅয়নগবগফৈড়গবউড়ঁুফড়॥উাড়আlদঘজpউড়ঊগফড় হদউড়ঘফঁদ‚জ উফউফয়অড়য়বঘদঊঙ‚ইaঘaনউড়‚জ উফড়সআড়ঙlদঘpউদইঅউড়ইঅlজধদঢঅlজধড়ঘফড়॥ঃফড়॥উঅউড়ঃঅছফড়ঃঅগঅড়্ফউঅড়ায়নlঅlয।ড়
123,rec_11_audio_31.wav,—়জফগ‚য়অঘউঁড়ড়ঊaসঃঅpযড়গবয়নঅটঅড়হaগফুঅউড়হaগফুঅউড়ইঅlজধফাড়ylফঁফণঙনড়য়অঊ।ড়
124,rec_12_audio_8.wav,়ঙউড়‚অগইঅlফউড়ঁখaটঅঊফড়ঘalড়ৈঅগড়ৈঅংঅয়নঊঅআড়ঁaউইইফউড়ঁঅুফউড়‚ফইজঢঅঊুaড়ৈlড় অগঅড়ান॥হফড়‚অউঅড়ঊঊঅউফউধঘৰড়ঙঅঝড়ডউ‚ফড়ঘফগদগঅড়‚অউইঅlফড়—lঅউড়yঊথউড়ঃইয়নুঅয়নড়সউঁদধইড়॥গঃইয়নফড়ঝগজঊঅঝউৎঁaহজ‚অড়ঙগবড়ঙউজগড় অa‚য়ঊড়ঝফ্ফউড় উআগ।ড়
125,rec_12_audio_9.wav,থঁদ‚a উজঊঅহa‚অড়ঙগফড়টঅগ্‚বআউa‚‚অ্lফউঅউড়ঁaড়ঁখধaড়ঙঅইঅউড়ঊঅড়ঃঊঝaুঁঝaড়ঊaউ‚অনড়‚উজপংজহঅপগড়গaঃঅপগড়॥হফড়ঙaথaয়নফড়ঙঅঊঘড়ঙউড়ঁaগঅৈঅlফড়yঊঃদছঅয়নপগঅউড়ঁখধaউড়ঝঅয়নঊউদ‚ইঅlফউড়ইগ‚ইঅlইফঃদ‚অইফউফৈুঅফড়গফঅহফড়‚অউঅঊঊঅংফগড়আনঅঁড়aহa।ড়
126,rec_12_audio_15.wav,॥ lফ‚অউড়ইজউজঁুজউবপফউড়ইড়॥হফ্অগজl‚aউৈইই্গযড়ঁগদয়ঊaধদুঅ‚অঙড়হগহaগফফইউজঁদ‚অৈa‚ড়ংaইুaইড়ঙআড়উয়নঁফড়ুaগঅৈঅlড়ঘঅইড়্অআlঊঅড়ঁaগঅৈঅlইড়াঃa।ড়
127,rec_12_audio_12.wav,জগগঅজউফইlফপউজঃঅপগড়্অগবয়নlজগনlড়ইফণউজঃঅপগ্ড়॥উঅড়্অগড়়ফধুদউঊয়নফড়টঅগফড়আঊফথঊনঊফঃঃফঃaয়নঅড়॥ঊঅউঅউঁধaগ‚অইস়অ‚অড়ঃaগবুউড়আঘ‚aঘদগয়নফড়সঁুড়ৈআরদ়ফlড়ঘফৈফড়ঁaগঅৈঅlদঃগফড়সুaড়laaয়ন‚ড়॥অগজগদংফড়ঘফগবড়ঙুব।ড়
128,rec_12_audio_19.wav,উঊড়॥ঃঅ॥ lঅউঅড়ylয়ড়ঁদধ‚ঊহউড়ঘজআড়উঅ॥হজlঃaড়ঊaথদঊউথজউড়ঁউহফl‚অআঝফহaগুউড়ঊঅঘদঘফথাউড়ঃঅনঃদ‚ুঅঃদ‚ড়ঃaঁফওঃঅড়ুaঁফওঃফড়ঁaয়নফড়ইlফড়ুবৈজআlড়ঝঅআlড়॥্lফউঅউড়ঃফগফ ফগফউ।ড়
129,rec_12_audio_21.wav,সৈঅঘঅঘঅৈড়‚অউঅড়্অlঘঅ‚ড়পফউঅড়গফটউaঁফয়নঅঘফউফউড়্ৎদংড়ঊaধদুaয়নঅlইুঅড়ঃঅআউয়অ ড়ঝফড়ঁজlড়ুফঁঅউড়ইঅpদয়ইফlaড়॥্ংঅlড়ছaঁaঝড়়অুঅড়ায়নুগড়ঃঅআংঅইড়ঘজঁবড়সড়সঁুaড়ৈlবড়॥আঃফlঊঘড়ুদফঙঅঝঅনড়সউুঅঘঅড়‚উড়ঘঅঊঅড়আড়গ্দইঃফlড়॥উঘ জইঝঅঃঅঁঝঅ‚ফড়ঙয়নঅlড়pঅআউlযগঅপফ।ড়
130,rec_13_audio_0.wav,সহঅংনঅড়॥হঅ‚অড়ঁফ‚অড়ৈউব ড়ঁঅটlফউড়ঁফগঅড়ৈঊউড়ঁফগঅড়ঘalড়ৈঅগফড়য়অউy‚দয়ড়ঊঅগঅয়নড়ইlঊউজঁড়‚গফড়গজউp‚ৎঁ‚জআঁaড়lয়নঝইlউআড়lপঅউফ‚ইগঅঁদড়ঊlদংড়ঁইঅনড়ঊথউaপজগaয়নlঅ।ড়
131,rec_13_audio_3.wav,‚অউউঅড়ুঅঝঅগঅয়নড়॥ইঅউবয়নড়॥ইফউড়ইইগধুaড়l lঝlড় উ‚উ‚গaড়yউড়য়ুফড়উঅইঅউঙড়॥ংlড়palঅইফড় দউlদয়ড়ঘঅআয়নফড় দউ‚অউlড়ঊঅউউঊঅনফড়য়বপঃঁ‚অড়ঁ‚অড়ঙয়নফসঁঅlড়ঃঊফড়॥ইুঅড়ঊঅঃড়গফপফাড় ফৈlযয়নউঅড়ৈঅlফংফআড়lঅঊফড়ঊঅআউফড়॥ইঅউড়ঁইযউড়্অুঃদছঅউ অাপঅlড়পআড়ুফঁঅউড় অউঁঅইa‚অআড় অঃদ‚ফড়ুফৈফহফlla‚ড় অহফl।ড়
132,rec_13_audio_10.wav,য়ফড়ুঅlঅড়ঁদগঅঝড়ঁউফড়‚জইজউঅ‚অউড়ুঅlঅড়ঁদগঅঝড়ঁউড়lঅড়॥ংঊঅড়ঘফাড়ইঅআড়ঝঅপঅয়নড়ঝফইড়থয়নউংঅঁড়গঅটড়ঁউফড়ড়॥ঘযড়lয় ুঅপদগঅঝড়ঁফঃফউফড়‚ফাগঅটড়ঁউaড়lঅঘaঁফ—‚ঊদঅড়ঃঅউঅড় উaঁফ ফlড়ঁবগবঙজঙজঙড়ঙঅুংঅঘa‚ফড়ঊঅlবগফপফয়নফড়ফllঅঘ‚ফড়ায়নঅপফlঘঅয়ড়সইlফড়্ফইaগaউড়ৈঊউঅড়ঙঊউঁa‚অ।ড়
133,rec_13_audio_7.wav,yছ‚ড়ঃকয়নয‚a‚অড়॥ুংঅঘফাঁফ‚অপগ্ঃগড়্ৈউৈগঃদছঅlড়ঘফৈa‚a‚জয়নুaড়ইaগদগফইঘজয়নঅংড়ংঅ‚অইaড়yইaঝঅয়নড়ঊদগঙঅlইঅংআড়ঃর়অগযইঅlজ।ড়
134,rec_14_big_audio_1.wav,হaউইঅনযড়ুফইaড়॥ইউঅড়lঅইঅঘজউড়ঘঅইউঅপযড়॥ইউঅড়উবপগবপঅনড়ায়উগঅউঅইউঅlঅউফঁুঅড়ঊaধয়নগবoঘউংalড়—ুaড়॥ঁফড়ৈঅুঅপফ—‚অড় উ‚ড় অউফইঅlফঁজগড়॥ইংঅড়ড়lঅইঅlড়়বড়ঊফথaড়‚ড়ঙগফড়স্ইঅউফউড়হবগড়‚অপজগবঁনফড় জউড়॥ উ‚lদ‚সসড়lঅউড়॥পফড়ড়উ ‚জউজড়ঁউঅফহফড়সউড় জউফড়॥উফড়ুঅপজগবঁaড়॥ইউঅড়ঃফইঅআুফইঅঙaড়ড় উফlঅড়অ়ইঅpউগগঅইআড়গঅন‚ঊড়ড়ৈউঊঅlaড়সঘগফড়y ঃদছঅlড়ঘaঁফড়ঁঅইঅয়নড়ধফ‚অড়ঁউঅাড়‚ংঅনড়ঘaঁফ ৰউদঊঅlযঘaড়ঊঅআন।ড়
135,rec_14_audio_11.wav,উড়ৈঅইৈঅঝউযপজগঅড়॥ঁদউঅয়নআঊফlঊ‚ঁজla‚অড়ঁগফয়ঊlঘউফড়উaগঅপড়‚ইইঅlফগযউড়গঅৈ‚উড়পlড়ড়থজউজয়বপড়lঅয়নড়ঊঅড়ংঅইজlঅু‚ফড়ঃঅ‚অয়নড়— ফধুঅ জউফড়॥উদুঅঁফগঅড়থaঊaঊগঁঅউৎড় দউaফথlড়‚অঘড়ইঅlফউ llযড় অউইঅঃফ‚aউড়পদউড়ড়দউ ুফাড়oগযlফউড়ঃঅঢঅুঅড়॥ুঅুa‚a।ড়
136,rec_14_audio_13.wav,ঊaalড়ঊ উ‚ফড়॥উঅ‚ফায়নঅাড়সঊথফড়়aড়অড়আগফড়়গঅনড়ঙaঃফঊফফড়ইঅ়য়ফগaউড়গঅআ নঅড়আঊঅউঅড়সপফড়ঝফগঅড়অঁড়ঃaগঅইaফঁদ‚সৈঅlাড়থঊড়উলদপফউড়ইঅlফড়ঃঊঃফগড়ঊফথঃঊড়ঃঊড়ড়সয়নফড়‚অউড়গঅৈঅড়হঅউদ‚জ্জফড়সঁঅlবড়য়ফড়সইlড়গঅয়নবঝফড়আড়yরদ়গlড়ইঅlজধড়ঊফথaউফহফগড় a়অইউড়ylড়়গইঅlজধদঢফlড়ঊa lঅয়নড়সবইঅlফড়ঊaধয়ংঅয়নফড়ঊগlঅয়নথফগফ।ড়
137,rec_14_audio_23.wav,ইউঅঊড়lঅযঘউড়ঃইয়নফড়ঘউড়ঃইয়নঁফড়‚ফঁফ‚অড়ঙউঅানছ ‚ফড়ঁaড়ঘউথউদই‚ড়॥ইউঅড়গফউড়aঘঃইয়নফড়ঘফঊজউঁউঁঅগaড়॥ইউঅড়ফড়ইঅআlঃফড়ইঅআড়ঊজগঅঊঅlঅয়নঁ।ড়
138,rec_15_big_audio_2.wav,o‚aড়ঙ‚aড়ঁফাঊঅউঅাইঅড়‚ফড়ঙয়ঊঅঘফড় অঘউঘalড়ঙaয়নফড়॥ঊঅউফউড়ঙজইঅড়yয়ন‚অড়আঃগঅইড়য়নফঁুঅড়ইংআগaয়নঅংড়ঁফয়নঅঃফড়স‚ফড় অঘফড় অঘফউড়ঊalগৎঁlঅউড়ঙগড়ঁa‚অড়ঙজঝজউঘদয়পফড় অঃঅlপজগজইঅ‚ড়ঃঅলপগaড়ঁঘৰউঅআউঅড়ঁaয়নঅড়ঙo‚ইঃপদউড়॥ইদঊড়যঘউঅইউফড়ঙp‚ঘঅনঘদয়‚অয়ন‚অড়ৈঅআগফlঙইl‚l‚ll উ্ঊফড়টঅঊফুঅায়নঅংউাড়‚বড়য়নঅড়॥ঃফআড়‚অড়ঙlড়ঙlবড়ু়অ‚অড়উঅlদlঅড়ঊঅlদlঅড়ঁaগঅড়ঁফ‚অড়্অউৈড়াঃঅlঘফৈফুaড়ঁলংঅড়ঊঅগঅড়টউ।ড়
139,rec_15_audio_14.wav,্উঅথবlঅড়ৈউঅড়ঁaয়নফড়উঅৈa‚অড়ৈউ‚অনড়ঃ lটঅগঁদধঁa‚অড়ইৎ‚aaড় দউঃলদপড়ঊ‚ঊফaগয‚পlফউড়ঁa‚ফড়উগগযইlaঘফথড়পaয়নঅড়ঁa‚অড়ৈউঊঅআড়দউaঘফথড়পaয়নফড়সৈফlগড়য়উoয়অl‚ড়ঁউaড়‚অড়ঊউaঊউড়ইড়ইউ নফঙlযড়ঙুa‚য়অইঅউফড়‚জউবআঘal উঁঅউড়্উঅথবlঅড়lঅড়ডগদয়‚ড়ছঅঁউaড়্অআ‚অয়নlঅড়সঙঅlবড়গফয়নঅৈ‚গlযড় উযঅড়ঙুপlড়ঃুফঃড়ঁউঅlaঁ‚ফ‚ফ।ড়
140,rec_15_audio_12.wav,য়জঁদ‚টংৈজড়ঘফৈফড়হaগড়ংফড়ুদউদয়অুaথlঅগগৈঅড়—lদঘঅায়নlড়ঁফগঅঙৎদৎড়সগঅঁঅ‚ছফঁফড়ৈaগঅ্অউয়ঁদধড়ঁফগঅ্অউ—lদয়ঁaড়আড়ঃফড়॥ইউঅড়থঁদ‚ঁড়ঊফগফউড়থউaড়ঙঅনযড়ইঅফঁুবড়াঁবlড়াঅুছঅঁঅ‚অঃফড়ঘঅগড়ঊফথaড়্অয়নড়ঁবlড়ঁবlড়্অঁঅ‚্অনইউঅড়়ঁদ‚ড়টইaগআয়নঅড়টaধয়নয়নl উফ।ড়
141,rec_16_audio_15.wav,ইফয়নফ্গঘaড়আগaড়ঃ্ইফড়॥ঃঅ‚a উগফড়সউই্গফ‚ফ্ড়ড়্উaঊঅউফউড়ঁফ‚জড়yঊঃদছঅlড়ঁদয়অগঅlুaড়টঅআঊবlড়য়নঝlড়ঁaগঅসঁুa‚অৈউজআlড়াড়অইফউড়সাড়ঊআlঅlঅড়ঃফঙড়ইঅউড়গবপফড়সঃফ ollড়হবুড়‚alুঅড়॥ইaড়‚অউঅউড়সঊজইউড়॥ুড়॥ইঅউড়ঊউনবড়ঊঅআউaয়নঅউড়ঊবolড়‚অউঅআঃফউড়গlদং।ড়
142,rec_16_audio_32.wav,‚অঘফৈঅঝবপড় a‚অডউঅড়িইঅউড়গlদংlদ‚ড় দউ্ফথlঅগযটঅড়ঙ়দহড়বগগসইlঅড়পবউঅগদুফউড়ঝঅয়নপঅগড়গফপফড়ঁবlড়—়দঝয়নঙয়নফ়অআaগফlড়সআড়ুফড়ylফঁড়ঃlদ‚অlফড়ঊaংaআংaাড়ঘaড়ঙঅঃaড়ইঅঝফড়ইঅঝফড়ঘফঁ‚aড়নফ‚ফড়ঃউaঝঅউগদয়অlদংউঝফড়ঊaটalদlড়ুউড়ঃদঁজগফড়আড়ঃঅহফ‚alফইঅড় অগগঅপফ।ড়
143,rec_17_audio_0.wav,‚অড়ৈবংনঁঁঅগঅইঅড়ঁফগঅড়॥ৈঅlড়॥়আlড়ঁফগঅঙঅlদঃগড়ফউড়ঘalঁঅগঃঁবগআড় উড়lদঘaগগড়আllঝঅউ—ঁঊধদঢড়laয়ন‚ইড়॥ইঅঃবউড়yঙa উযঊৰপৰয়ুঅড়ইaগঅয়নফড়—ড়হউফউ্জউগ।ড়
144,rec_17_audio_1.wav,সa‚ড়ঃজঃদ‚ড়॥ঃaগঘগফড় গlফঘaঁ বড়ুalড়টউফড়॥ঊঅউড়্জlদংঘalফউড়ই‚ড়ঃজঁদ‚ড়l‚ঁউৎ‚অঙঃঅঘউফড়ঊঅগবড়‚অউঅইঁ উ জঊঅউ উড়ঃউফপযড়॥গবগঅৈঅউঙযড়ঙহফড়ইগঘইড়্উঁৈlড়থউযউফউড়yঊঃদছঅঁফড়‚ফগঅইঅ।ড়
145,rec_17_audio_7.wav,ঊগঅঃ‚‚অঊউজ‚ফড়lঅইঅড়ঘউlড়সৈlড়য়ফড়yঊঃদছঅড়ঊঅঝঅউড়ুঅঝঅউড়ঁaগফড়॥হগড়গফ্ফlদপaগযড়ঁoর়ফড়lফুজউঘউlড়ইইপl।ড়
146,rec_18_audio_20.wav,থaাটঅঁফড়ঊঅগড়ঘফায়নঅগড়গফপফড়॥ইঅউড়ঊaগফড়॥ঃa‚alুaড়॥হফ॥পনaড়laঝফাড়ঊaগফড়ঙয়নঅগaড়‚অউঅউফউড়গaয়নঅৈড়ৈফগঅpজগঅপঅউযড়॥ইউঅড়yঃঃফইয়নড়অউঁড়উঅ‚দউফড়গঅইংপফড়সঁথবপড়পজইয়ন‚অউঅড়উঅড়॥ঃদ‚দউগaকড়জউaপফউঅড়ঁউফ॥উঅঘফউঅইঅয়নড়॥গঅপফড় থa অপফড়ঙ‚আড়‚অউঅ।ড়
147,rec_18_audio_19.wav,ঘঅড়ঙঅআ‚ফড় অগঅড়টঅয়ঠসইlফ‚বইঅউড় উথজ দউঅৎযড়laয়নফডবউঃঅপগড়laয়নফড়ঊঅাৈজঁউঊযউড়॥গবড়ylফঁফড়্অগফড়ুঅগফড়স‚অড়‚বইঅউড়্অগঅউaড়়অউঅঃফইaপaগঅড়ঊঅগগঅপফড়y্দছফlড়ছফঁফ।ড়
148,rec_19_audio_7.wav,yঙlদ‚ড়দpউৎযড়ঊঅঝঅউফউড়য়বনড়yঊঃদছঅনড়য়ফড়ঘঅইুঅইড়সগঅঙআ‚অঃফয়নঅউঁaড়ঁaগঅনঃগফউ‚ঃঅlফlঁরদ়অআlড়ঊঅঝঅউফউড়yঊঃদছঅয়নড়॥lয়নড়॥।ড়
149,rec_19_audio_23.wav,সুঅড়সঁউড়ঙআ‚অঝযঃঅড়ঙইঅউড়ুঅঙঅইaঃগাlদয়অয়অগফৈঅউঝঅlজllঅড়laঝঅয়নফড়সউঅআ‚অড়ঁউফড়
150,rec_19_audio_20.wav,ঊঅগগঅগঅআ ফউড় উ়অউড়ঝঅউঝঅউুঅয়নa‚দঃউবড়ইঅউড়য়অ‚বইঅউড়ঊঅগঅগঅউড়পইঘ‚ড়ইউপ‚ড়শছঁধছঅঊo‚ইঙয়নফঁুঅড়ৈঅ—lড়গবয়নড়ঙজllঘফড়হaগংউড়ৈঅায়নঅlaড়উঁইঁয়অইদ l‚ঊঅঊঅড় অlপঅড়ায়নঅlআlফড়ঃaগaঙুaড় উইঙয।ড়
151,rec_20_audio_1.wav,ঁ য়বঁaড় অঁফড়ঃইয়নফড়ঘa‚অড়টঅউঊঅৎফড় উ‚জইড়ঊlদ‚ড়ঊযউঅঅউড়‚ঊবয়নঅউ‚ইঅসহফড়‚ৈজআlড়়অআlড়॥ lফউঅউড়ংalৈঅগৈaগঅহগফড়lঅঃগফউড়।ড়
152,rec_20_audio_20.wav,অৌ়ড়yঊথদয়ড়ইঅয়ন‚উড়থবথঁদছঁফড়টঅউজড়॥হফঁalদ‚জড়ৈঅlড়গফপফড়॥হফড়ঁঅlজপযসঁlফউড়াড়থজঁুঅড়ঃইদ উদ‚ঘঅউড়ৈআড়ঊদয়অুlফঁaড়ুঅউ জঃড় অসড়অlদয়ড়ঃজউইঅুজউড়॥হফড়াআড়পজইফনুaঁফগaড়ংনফড় বুঅআlফড়॥ঃফ।ড়
153,rec_20_audio_18.wav,়ৈজউড়ঊদয়llaaৈগঅ‚ঃইজউদlফপ‚aড়‚ইঅউড়—ঘদঘউটযঃঊaফড়উঙজইঃঅড়ইঙউ‚অড় ঁদ‚ড়য়নফড়‚অইউজঁ—ড়ইঃবইঅউড়প‚অlড়গঁয‚ইঅউড়ই‚অইa‚নথগঅয়নঅউড়ইঘদউaফড় ঁ খ‚ড়॥ঃlঅনফঁঁফ‚অড়ঃঅআড়াৈo‚অউড়llaড়॥্lফউড়‚ঁড়ঊফথaউড়ঃইউঃদয়অড়ড়ঃফগঅটফগড়্জয়নঅ্জগফড়॥হফ।ড়
154,rec_20_audio_7.wav,<>
155,rec_20_audio_25.wav,<>
156,rec_20_audio_29.wav,<>
157,rec_20_audio_24.wav,<>
158,rec_21_audio_0.wav,<>
159,rec_21_audio_12.wav,অহবড়ৈআlদlফগঢঅঙবlফ‚দ‚aঙ‚অড়ঃঅায়নঅ—ঁড়াড়পঅlজ‚গঅউড়ঊঅঁঅনয়অঘযউফড়সপজগঅউড়ঁঅউড়ঃঅইড়‚অঁ‚জউড়ঁফইlঅউড়yউদঊঃদছঅড়ঊঅগঅ‚গসইঅঁফড়‚অউড়ঃউৈঅউদছlaড়ঁবlড়ঙদয়অগদ ুঅগড়গঅআllয়অগঙ‚al।ড়
160,rec_22_audio_19.wav,ঁঅ—lদ়aগড়উঅআড়য়অড়॥ড়হlুড়ঁo‚অ‚দউড়lঅসড়নফঘউঅ‚ফঊa‚উঅয়নড়ংজঁফউায়নঅড়ঊয়অপউৈবুবৎঅউড়ঃইয়নফড়ঁদয়অইংঅড়ঃ॥গঅটফউঅড়ঙউঃজlপবধদুফউড়ঘalঁঅুফড়হaগৈআঊফড়lফয়ফুজঁফড়‚aগঅৈঅlড়ঃঅগবটঅউঅড়ঙউঃlসড়ঁaুঅড়উlড়ঊঅংনaড়ুফঁধফ‚দউফড়উঅlঅয়নঅড়উযগড়ড‚a।ড়
161,rec_22_audio_6.wav,ইঅুঊফউড়ঁঅ়য়নউড়ুফঃয়নঅগড়ুফঃদুসউফড়lঝaয়নফড়ঊaগদংalড়ুaগদংaকড়ঝফড়ঊঅlঅয়নড়সৈঅlফউড়ইঅংড়ইঅগaপঁঢlবউড়॥ঝফড়ইঅুa উaঁঅড়॥আহফসুaঁa‚অড়আরদঝalদয়নঅউফউড়ঃঅছফড়পaয়নফড়yঁউফlড়ৃঅঁফড়pঅঝa—laয়নঅড়উঃহফফড়সইlফড়ঘফথফউaঊঅঝঅউবুড়ুঅঝঅউফউড়yঊঃদছঅঁa‚ফড়ঁবlবড়ঁজlঃঊঝফaফউড়ঃaগফুবউড়ঘaঁফড়॥ইaড়yগঘ—আ়a়অয়নড়ঁlদ়ফধদুঅউফড়পফআড়ঝaড়্aয়নঅনঝঅঃঘঘa।ড়
162,rec_22_audio_15.wav,‚অউড়—lদlড়নlদুউদlয়নlফ‚ফড়ঁবl‚অানlউ‚জউজড়—lদlড়়oদঊড়ইফ‚উঅড়ঁঅঘaড়ঁঅয়নউঘalড়aটঅঝঅড়‚অউঅড়lঅড়ঁa‚ড়—l‚জড়ঃউঙঅউড়ছফঁফড়ঁবlড়ঙয়অগড়ঢদউয়অগ্ব॥নlঙজ উঝঅউড়টফপঝড়ypদl‚ঊaপ‚ড়ঁগlঅ।ড়
163,rec_23_audio_27.wav,াপদুড়ঝঅঊঅlফlড়pদউবপaড়ঙঅউঅড় অআঝবগড়আlদংaয়নঅঃটঅাঁখ‚অড়ঙalদঘজঙঅড়হaগড়উঊড়ঘঅঝaউড়টঅপঅড়াড়ঘগaয়নঅউ‚অউঅড়ঊঅঘফড়॥ইউঅড়ঁঅ—ুফড়—ুগইগঅঁঅ‚‚ড়ই‚ইইঅড়‚অউঅড়ঁঅঊজড়yইগঅঁঅুজড়y্গফ‚অড়pঅ‚aগঅড়ঊঅঘফড় অঁaড়ঊঅপaড়‚অগঅড়আlদংaঅ‚ফগবপa।ড়
164,rec_23_audio_48.wav,‚ঘউৈঅউঅড়হaগড়lঅlঅপজlজঘদঁঅউড়lঅআঅলদপ‚অউaঘফ—ঘঅগঅড়ঙঅআঝaপজউঅড়আথaাড়ঙণ়উদ‚যড়ylজড়॥গঅয়নড়ঃ‚দউড় দউছড়সঙউড়়oউজড়y‚উড়ঊউ‚ফড়পফহফ॥গঅয়নঊঅ়অয়নড়উঅহফড়াড়়ঁদউaড়ংaয়নঅ।ড়
165,rec_24_audio_3.wav,ঊুaয়নফঘফউড়lঅপ‚aউফড়॥ইঅংaড়॥গজআঝফড়ইজৈজগগবaয়নঅড়ঘaয়বpংউaয়নঅড়ঁফায়নঅগড়ুaউaঅlঅ‚অঁড়ঝঅউড় ফ‚যয়নড়ইফনফড়ছঅঁফড়াুaউড়ঝঅগঅ‚অড়ঝফগঅইঅpঙযড়ঝaয়নফহaগড়ylদয়ড়উঅউপaয়নঅড়প‚উঅপঅড়ঊআ‚়ড়॥হফয়ঝলদপগবড়—জ‚উঅড়শড়়অ়অড়্অঁa।ড়
166,rec_24_audio_11.wav,সটঅঊফড়স‚অআড়ঁফআড়ছফঁফড়‚aড়ঊঅ়অউড়উঅগবড়ঊঅ়অড়পঅদ‚ফড়ছফঁaউঅlaঊঅউ়অড়পজlaয়নঅঁoঘaপa‚অঊউঊaড়ঙ়lঁদঃড়ঝঅগযড়ইঅউঝইaয়ফড়‚অঊঅনড়ইঅঘaউগঅআড়ঝফঙপজগবড়yফঁফ‚অড়yগaয়নঅড় গঅইঅঘaউড়॥‚ইaড়টঅআগফাড়ইঅংaদগফপড়ডঢlফ।ড়
167,rec_24_audio_6.wav,laবড়ড‚ড়ায়নঅআইজঃঊaথaয়ন‚অড়—অড়‚অঁঅড়গঅৈজড়সআড়ঝঅগঅগবৈঅনড়য়alবড়টঅগঅla—ড়ঊগজআঃফঝঅগঅঊঅঘগফড়॥গফ্অয়নড়ৈফগঅড়টঅঙalজঊগঅড়ঊগজআঝফড়ঙalবড়টঅৈaউড়ঝঅঁঅylফআগড়ঙ‚বড়টআয়নফড়ঝঅউঅআড়ই‚ড়ঊaধ‚ড়ইনগঅপঅইa‚অগঅড়গবৈঅউড়আঃa।ড়
168,rec_24_audio_8.wav,গফঁঅঁউবড়পaয়নঅড়ঙগপঢৎঅড়॥ইউঅড়lঘফঙইঅউড়য়ফড়॥ঃগড়সড়ন॥ঁঊঅগদয়অড়আয়ফড়‚অঊঅঙalড়ইঅউaড়অগঅআla॥ঁaড়— ‚অড়oহফlaঁশ়ফয়নঅঁড়ঊঅগদয়অড়ড়য়ফড়‚অঅঙaড়ইঅউaঊঅগঅয়আlaগঅঁঅড়॥পঅগaডউঊঅড়ঝযউড়ঙoহফগ।ড়
169,rec_24_audio_7.wav,॥ড় অআুaড়ঙঅআধড়ঁৈlড়উঅআঘঅআড়়বউফউaয়নঅঊুaউফড়সড়ঁশ‚ড়টঅপঅগঅড়ঙউঅয়বপড় ৰlড়‚উড়॥ইঅগড়ৈঅঘaইa‚ঊফড়ুaনড়॥গফড়্অআ়ফ॥আড়॥ আ়ফড়‚অঁঅগবঁঅ‚aঃlঅঊদয়অুalড়য়অ‚দ‚ড়ঁঅplফড়‚অঁঅউড়পউবড়ঊয়অহফ।ড়
170,rec_24_audio_4.wav,ঙনঅড় উদয়ড়ঝফগঅউড়ইঅিফড়॥গআয়নঅড়ঊউদ়ফড়॥ঁa॥ইঅড়॥হঅড়ঊঅগদগঅঊঅগদগঅগবঁফড়য়বুঅড়ইঅঝফড়গঃফঊঅগদঅড়াুঅটঅৎaড় ংনaড়পফহফসহফঊপlড়‚জঁআনফগড়গaয়নফড়আহফড় অউa।ড়
171,rec_24_audio_40.wav,সফইগঅড়ঘফউঅআড়‚বয়নঅগফড়॥গঅুaয়নঅ—গঃদঁঅউড়ফঊআউঅ দউaটফঊঅউড়ঃঅউড়ইজঁফড়yঊআয়নঅড়সগঅুঅড়—উঁঅড়॥পaয়নফড়হবগড়পফনফঝলদপগবইঅউaয়নঅআহফড়ায়অড়গaয়নঅপঅৈফঊঅউড়ঃঅউফআয়নঅঝফড়॥হফ।ড়
172,rec_24_audio_39.wav,সফড়‚উঘফড়॥ইaড়ঁদঝlড়ংalaa‚উঅড়্অঃয‚aগফড়ঊঙউডউlদঘaউফড়ইবডগড়ঁঝlড়ঙয়নগড়ঁদউaঁঅড়য়ফআড়অঃঅড়—ঝজউ॥্গaড়॥ইঅউফড়ঁুlুaড়ঊঅৈaগড়ঙয়ন॥ঝজইlঅড়ঘফউঅআ‚অইদ অউa।ড়
173,rec_24_audio_29.wav,॥‚aড়ইঅউaগদগযঊlফড়য়অগফউঅপড়পফড়ঘউফড়ঙউঊঅউড়়গ‚ড়॥ইড়ঝঅঃalঅউঅড়ইঅঝঘজগড়ঝঅইঅগঊংa‚অড়‚‚ফড়‚খ‚দঊড়ঙlফlায়নঅগড়ঝফ্ফঘউaয়নঅপফড়পঅঝlঅাড়ঁগবড়আ‚ড়lঅয়নসআড়ঝগপঅহঅঝalড়ঁঅঝজপফড়—ুঁফ‚।ড়
174,rec_24_audio_23.wav,‚o‚উড়ঊঅঙড়আ‚aড়॥পaয়নঅউ॥ইঅউফড়॥ইaড়ইঅদঝঅয়নঙaুফটঅযড়yইঅগঁফউড়ঘউড়ইখ‚জড়ঙগlঝঅড়ুজঅআঊবৈঁ‚গদয়ঁফয়নড়পফগবড়ঙগবড়ঝফইlঅড়ুজঁঅআঊবড়গজগaঁaয়নঅড়ুজঁঅয়নড়ঙ‚অআlঁজয়নঅআড়ঝplঅইঅগড়ঁয়নঅড়পঢl।ড়
175,rec_24_audio_25.wav,য়বপদঅড়‚অইঅঁা‚অউড়‚অইঅপজগaয়নঅঁঅয়নঁঊঅlদঘaউড়ঘaগঅড়ঝফlইঅড়laঝঅঝউদইড়াড়‚অইঅড়পফড়ঃaগদইৈঅড়সঊকড়॥য়পউড়ইবয়নঅৈড়টঅঃঅঙaঁড়ঁবlবড়ৈঊউবড়ঙ‚ফড় দউঅছফপaয়নঅড়া॥ইaংaয়নঅ়alঅড়ঁনঅআড়ঝহ।ড়
176,rec_24_audio_36.wav,ড়ঙহঅড় আaঝঅlড়ঁaগড়॥ঝঅড়াআঘঅlুজ‚অঘঅআড়য়অ অহঅঘফড়yঝবড়॥অঃঅড়—ঝaউড়উঊlফড়॥‚aইঅগaঝlড়॥ lঅড়আ‚ফয়নঅঊঅথঅড়—গঁaনফড়‚ইফড়॥‚দ‚aড়ইঅগদগaহaঊঅ়অড়ঙয়ফড়সগয়নড়॥aড়টঅগঁফগঅয়নড়‚দউaড়॥অঁaয়নড়ঁউফ।ড়
177,rec_24_audio_35.wav,‚ঊঅড়হঅউঅড়ঙঊউংফড়॥‚aইঅগaড়ঃফঊড়ঘজইaয়নই॥‚ঁফড়ঘজআড়ইঅপঅঙপযউঅড়‚a়জইঅউঅঙঅঝঅড়ঙড়আঝঅlফইঝঅঊaংঅয়নজউদপংনফুaড়‚দউজআঊঅগফড়গaঊড়ঊpউড়ইউফঊaটpঊগঅড়যউফড়॥‚aসফড়ইঅঝalঅড়‚ফইদংড়ঙআউঅইফড়ঙয়ন‚ড় অঃঅউঅআড়ঊউঅআ।ড়
178,rec_24_audio_34.wav,য়নফঘফlফড়lঅড়ঁa‚জড়lঅআড়ইoঊফঙড়ছঅঁফড়॥ঁlফনফউ‚‚অঁঅআয়নঅইউঃফ‚অটঅঁদধঅঅড়ypদয়ইঅlড়ঁফআনalaড়‚জঅউড়ঁlদ‚অড়lঅআ‚অউড়ঃঅইউড়উঁa‚lনড়ঘউaয়নঅড়ফহফড়ঊঅআড়টঅঊaঅগহফড়॥‚ইaইঅউaড়ঁউaয়নঅড়পফহফড়পaয়নঅঊফুaউড়ঊফ‚ফড়l‚অউaয়নঅয়ন।ড়
179,rec_24_audio_37.wav,loঝফড়ইঅগজথঅগড়গবপফই‚ফড়হঅঊঅ‚অড়ৈউফঁঅগফউড়ঃঅ‚য‚ড়ঙফঘজইফড়॥‚ুaড়ইঅগaড়ঝফয়নঅপফড়ঘফঁaয়নঅআড়সউফপaয়নফঊফউড়ylবপযড়য়সদয়নঅগঅড়ঊaঝঅইঅ‚ফঃঊঅআয়নফড়‚অউড়ঊঅংনaঊফউড়yগaঙজঁআ‚অঊঅসফড়ঝজlজড়ঙয়নঅঝaগঅড়॥ঘ‚aইঅগগaয়বপaগড়।ড়
180,rec_24_audio_14.wav,॥ইংনঅড়আ‚অপঅlalঅঊটঅঅনড়ইুঅআড়ঝয়ফlদ‚ফআড়ঙঙগড়টঅআlড়টঅনআঝlড়‚oইজড়গফয়নঅ অগঅয়ন‚অড়ঊঅড়ঊঅগaগাlদ়ইaউঅউড়ুবুঅইঅউছঅনyঙoগয়নফড়ঁঅইড়ঙগড়‚উফড়য়ফড়াপয়নঊঅড়ঃঅউফড়ঙশাড়আ‚অঊফনদ়অঝড় উউঅাlজ।ড়
181,rec_24_audio_19.wav,‚উঅlঁa‚অ উড়টঅ়অড়ঁ‚অড়পউaগঅঁয়নড়lঅঙৈগজঁজইঅ॥়ঘদpড়ঙoউঅড়ঁয়নফড়lঅায়নঅঃ্ড়য়ফড়ইজপজঘড়ঘaনফড়্দউঅ়জইফউaয়নঅড়পঁaাগআধফড়য়অাড়পজউফঊআউঅগঙaড়়ঘ‚ অড়ঁগঁবউড়পঅইথফউ।ড়
182,rec_24_audio_26.wav,ঁফ॥ঝaুড়ঁইalঅড়‚aড়ইঅু‚অইঊঅংন ফগঅয়নplঁঅথঁড়ঙঊঅড়ঊaইlযঅৈছফঁফাড়াআড়॥ ড়ঘউদঝঅগঅড়উফড়‚অউঅ‚অউফড়ঊদaুaঁফড়য়ফফড়॥ঙয়নঅউaড়॥ঘফয়নঅড়ঝলদপগবঃঅইঅঊফাড়পঅন‚গaঝফড়ঙঅlদঘ।ড়
183,rec_24_audio_20.wav,াড়ইজডজউড়ঘaয়নঅ‚ড়উঅইথফধঁজইড়ঊa জহঊনইঅঝlঅঊঅlaউঅড়ৈa‚অগaধফ‚ড়হফগফlড়গঅঁঅঊঅগaড়ঊঝaগপজইঅড়‚aগদpঅইঅ‚জইঅছফ‚দয়ড়ঁঅইঊগঅড়ঙaথবঁগঅঁঅঊঅগaাড়ুaগবপফইঅ‚অনড়টদয়অঁদ‚aয়নড়ইঅফড়॥গঅঊুaড়গবপফড়yঊউ‚ড়ইআ‚aড়॥গঅ ুaড়গবপফাড়ঙগঅp।ড়
184,rec_24_audio_33.wav,‚অউঅড় উ়অঁঅড়laঝফফড়ঙঅআয়নঅড়সদঅঁঅ‚ড়পজগজজaড়ylদয়ড়॥‚ইaড়ইংaফথগঅয়নগঅগড়॥ইঃফগঅইaনঅড়ছফৈঅড়॥a‚ড় জ‚দlড়সড়্অঘaড়গঅঁঅগড়টঅআড়ঊগঅগবlঅ।ড়
185,rec_24_audio_13.wav,॥গঅগঅড়ুজঊaগবড়স‚অানঅ়ফড়ঊঅগঅয়নইঅpaগঅউ॥ঁ‚aাুঅড়ঊঅথঅড়াুঅড়ঝaঃlড়॥ুaাুঅড়টঅপগaআনঅছফড়ফ‚ফছফড়ইঅউড়়অউঅড়ঘজউঅছড়yঊ‚জআড়ইঅউদঁফসড়ঙঃঊফড়॥পগ ফয়ঁগফঁ‚অ্অঁaইড়ইঅঢড়ছঁফড়॥ু জlঅঊনঝঅঊফংড়ঙaa‚অড়ডঊফড়॥গঅ॥ুaড়ইঅুঅঁaগঅঊফঅহaগফ।ড়
186,rec_24_audio_21.wav,ৈঅlফৈঅlফড়সউড়ঝlদয়ড়টঅlঙঅlফড়॥ঝঅড় অ়অড়ঙঅগবপজিaylফড়ঁa‚অঊ‚অঙaঅ‚দ‚aড়ই‚ফায়নপজগসআঘaয়নফড়ঃইদঅঃড়ঃগগফড়য়বড়ঙগবউগaড়‚অউ‚অড়আঘউঝঅড়গঅঁঅ।ড়
187,rec_24_audio_32.wav,ইঅ়অড়গaথফয়ঁদধড়ইঅ‚অপজঅআড়অআপজঅআড়পজগড়পaগঅয়নঅাড়ঁউaনফহফড়ইফঢফহঅঁঅ‚yপজউa‚ড়পঅ়উড়পংনaড়হগaয়ফড়ঃঅআ়দহফসঊআয়নঅড়ঘফউফইঙুফla‚ফড়ঙl‚ফড়ঊআয়নঅড়ঝফপফইঅ‚অপজংনঅআপগঅনপজগঅনaংঅনউড়ডবুফঅড়ঊফথaড়ঁঅগaড়ঙ‚।ড়
188,rec_24_audio_28.wav,‚অায়নঅউড়পফঅড়ঃaগফইড়ঙঅয়নড়সড়ঝপদপগবড়ঙaয়নঅড়‚অইঅঁঅড়॥‚দ‚অঘফড়॥াড়॥‚‚a‚উঅড়টঅপগড়aথফাড়‚অইঅয়নঅ‚অউঊঅড়ঝংনaয়নঅড়ঙগফড়অড়‚alঅঁapঅঊঅঁlড়ঝজংaয়নফla‚অঅড়ঝংনaড়॥‚ফড়সড়াঁড়গজঁঅংaয়নঅউaঃফঘ।ড়
189,rec_24_audio_16.wav,অঁআড়‚অঁঅআঃaড়‚জইaঅড়উঅইaylফড়ঊঅউড়ঃঅঙঅlবড়পফগটaগঅয়নঁ‚অঁঅঁনঁড়ঊঅগদগঅয়ফড়‚অঊঅআড়ইঅগaড়গফআড়ড়নঁ‚অড়য়অানঅড়ঃঅঙঅlবড়পগপaগজ॥আড়ইঅড়‚খঝaড়lঅুজআইঅ‚aয়ব।ড়
190,rec_24_audio_53.wav,yগফঙয়নউঅড়॥ঊঅউয়নড়‚অড়ঘযঊগফড় ‚অইlঅড়াড় ফুaাড়ুaড়পজআaগ॥ঁগড়ঁaনঅুaঁবঝঅl‚অঁঅআগ‚অড়ঘaয়নঅউড়lঅpযঅউড়lঅৈ।ড়
191,rec_24_audio_42.wav,াড়টঅ়অঙগড়ঙঠগফায়নঅুঅঁবlজপজগড়ঝদউঅঊগঅয়নড়পগদগaাড়lঅআসয়নlফসআড়॥‚aঘঅ‚aড়ইঅগদয়ফডaগঅবlজড় দউঊঅইlঅযআড়ইঙপজগজগগঅপজগড়laংaাড়ইঅউ‚ড়lঅৈজlড়—lড়ইঙঅlpফড়ঘফউঅড়॥অগ‚aড়ইউঅ।ড়
192,rec_24_audio_46.wav,॥‚aউবইঅগয়ৈaগঅ‚ঊফ‚অড় aথঅড় দউ‚অইঁaগফড়॥পউড়—‚ছউ‚ড়‚জপaয়নঅড়ৈব‚অড়পগড়গaয়নঅ॥‚aড়ঝঅায়অlaয়নঅগগযড়থ‚াগঅড়়অ—ুaড়ঊaথফড়yঊlঅড়গযপফউড়lঅঙaগঅড়॥্গফড়উঅগঅ—ঁঅ।ড়
193,rec_24_audio_44.wav,ছফঊড়ংণগঅউাড়॥গদয়অপড়॥ইaড়থঅঁুaড়— ঝফড়ঝঅগগঅইঅগঅ‚ড়নঢঅড়ঃঁদধa‚॥দউনঁঅড়ঃঁদয়জঘড়॥গদগঅআথঁদ‚aড়য়ফড়ঝফউঅড়‚aড়ইঅ‚অঊঅউaাড়॥‚দউয়ঃঁaয়নঅআড়ঝঅইঅড়॥গঅড়ংaঝlড়ঁইঅউড়lঅড়ঘaয়নফpফড়ঘজউaড়সঁুঅইঅটগঅ।ড়
194,rec_24_audio_51.wav,সআড়॥ইঅউড়পংাড় খ‚যড়টঅউপউঘaড়ঝঅইঅগয়ফড়উড়টঅউaয়নফআড়টপaড়ঢঅৈঅডউঅa‚ফড়ঘজুঅlবড়অউাড়ছউ॥ঝইaুঅlঅয়নঅংaয়নঅড়ইফয়নফউড়॥গউ‚দউঅড়়অগদlঅঁফইুঅড়ঁহaড়ঁউঊa‚ফঘফড়টঅগড়পউড়টঅউফড়ড়ঢlaড়ঝঅইঅয়নআড়ঘফৈঅআড়য়অ।ড়
195,rec_24_audio_52.wav,ড়ঃৰউঅঊঅয়নড়॥উড়ঙo‚॥ইlঅড়সlঅড়॥গঅড়ঊঘড়ঁoধ‚ঙউড়oঃছ॥উবড়ঁয়নফঁড়‚aয়নফ॥উড়ঁআঊফlদযড়য়বপডড়lনঅড়ঘalঅড়ংযঊগফড়শ‚অইগঅয়নড়ইজঁঘaঝযঊlআঁড়়গঅউড় ‚অlঘফড়lঅlড় বঝড়়অ‚অঙaঘফড়ডয়নঅড়য়অpaউড়lঅপবয়নঅগড়অঘযড়ঊইঅ‚ড়গফড়ঊঅঊঅড়টঅগ।ড়
196,rec_24_audio_48.wav,‚ৈlড়ঊঅ়অউড় য়নফঁফড়plঅlঘগফড়॥ঃদ‚অড়ঝযঊlড়ৈঅlযড়্aউaড়ৈয়নফুঅগ॥উড়ঊদয়‚lগড়গবয়নফউগঅুফউঅউড় ঊজয়নফড়ঁঅঝফড় য়ন‚a॥‚aউঅঁaউঅড়ইঅlঅইঅপফpঅড়॥ঃদছঅঁ‚অঁউaড়গঅঊ॥্অয়য়‚অগড়গঅৈফlড়॥্উঅ‚অড়পউaগঅড়॥ইঅড়উফপফpফড়্aগঅড়॥‚a‚অইঅগদগঅয়ন।ড়
197,rec_24_audio_43.wav,আয়নঅড়ঁaই॥গগফৈaগঅইঅউড়ঃঅঙউঅঁউড়ঊঅথঅড়—ঝজগড় aথঅড় ৰউঊঅlফড়॥ lফৈaগফড়ৈবুঅইlঅড়ঁগফঙaগফড়॥ইঅঘফড়—lদlaয়ননটঅঊফআড়ঘজপউঅউড়॥ঁফ॥ইaড়॥পফড়॥পফড়ঘজalঅড়ইৈaউড়॥গঊ॥ইaগফড়॥্alঅড়়গড়ঙ‚উড়ইঅগয়নড়গঅঁaঃ‚অl।ড়
198,rec_24_audio_49.wav,দউ‚ইউঅড়ুaুফড়॥laইঅগগঅয়নপaগফlসৈআঊগaয়নঅউড়সঁঅউড়‚ঁয়নফড় উৈড়lঅঙ়aড়উঅআড়্অঁaড়উঅআয়নঅড়্অঁaড়॥ঊঅআনঅড়উঅlটঅনয়নড়‚অউড়ঃঅউঅঘফউড়ঃদউঅধদুদউড়গড়উবায়নঅড়ৈআড়ঊlaড়সঙড়়জআঁড়ঊaথঅউড়ঃউড়ঁlফড়॥ইaয়ফ‚ফড় অথড়ঃঅছফড়আগঅইড়ঊঅঃঅড়ঊaধঅড়ঁউফড়ঘবগবই।ড়
199,rec_24_audio_41.wav,াড়ঘৰপঅড়॥উ‚ফইইউঅড়পঅঝউপউযylফঊঅথঅড়॥ুaয়নঅড়ঝঅআউজয়নঅউড়ঃুঁগড়ংaয়নফঃপড়ঁউ‚aয়নঅড়ঘফটফঙঅঃঅাড়ইউঅড়ঙজlজপগড়গaয়নlঅয়নড়ঁবlজড়ঝঙইঅড়lঅআসঅp্সয়নঅটফুফড়হঅুlঅগবড়পফগফ।ড়
200,rec_25_audio_1.wav,॥ইঅউ॥ইঅউড় য়নঅড়াড়ঊঅপaয়নঅড়ঊaধদঁঁফড়‚অঙউউ‚aউফঃড়ইনlফুড়্জয়নঅড়ঙ‚ঊউৎঅড়ঊউড়ৈaগঅ়গফউইঘগনউঊনু জউইঁ।ড়
201,rec_25_audio_0.wav,়অড়ঙয়নঁঁঅড় জউalদুজড়াড়ঊজঘঊড়॥laঝঙl‚অড়টজউটজউজ‚ড়উঊঅৎড়নড়ঊফুজয়নফড় জউaয়ঁদয়ড়ঙজই‚ঊইইঅইঅ‚—‚ঊদয়ুaড়পজআঝফআড়়য়অগফগaয়নঅইঅগঅঁফড়‚অউড়ইঅ‚‚অউফউড়ইঅ‚ফঙ‚ঊআঝফ‚ফউঅlaড় উদlaড়lযড়ঝঅঁ‚ড়‚ঊফ‚‚অয়নড়॥্lফউৈaগঅড়ঘalড়ৈঅগফঝঅউড়ৈফগঅড়াড়‚ড়ঊঅড়ঊa‚lছথঊফড়ৈউঅটউয।ড়
202,rec_25_audio_7.wav,॥হফইঅ‚দউঅঃঅওড়্উফড়ঁফ‚অড়ৈউঅআড়টঅআlদlঅড়ঙউঅআড়টঅআlউৈআlড়়ফlঘফৈaফঙlুঊড়ঊঅআড়সগঅঁড় অঁড়আ বড়॥ইaঘড়ঁয়নফঁুaনঃদুঅড়ঙগঅৈa‚ফঅড়ইঅ‚আ‚উaয়নড়ঃদুঅঙউপগঅড়্জয়নঅউlড়ঁজগড়ঙঅঝঙঅঃড়ঘঅইফ‚ড়ঁদউঁজগড়থঙউঅউড়ই‚lদlঅড়্ঃগড়‚যগড়্বঃজগঅড়হঅl‚ফউয়জঁগঅহফlaa।ড়
203,rec_25_audio_19.wav,সড়সড়‚অড়ঃইদ উদঁফড়ঙজআর়অআlড়হaগুঅউড়দpউইpউৎড়‚ুa‚ড়ঁaগঅড়ৈঅইজlয়নড়ঝজঝঅুজঝঅঘঁফগঅড়ৈঅপঁফড়উয়নlফউঅ॥্গঅইঘaগফড়॥ইঅঝlঅইঅড়আঃaঃঊlঊহইঅlফড়‚জlaড়ঊa়দ়অড়হজগড়lঅ‚lফঙহগঊaয়নঅ।ড়
204,rec_25_audio_16.wav,হaগুউpউদইড়ঘউদইযয়নড়—ওঃঊড়ঊঅ॥্lফউঅউড়ড়ঃজুজড়ঁঅগদয়অড়ঁaগৈইঅড়হaগড়yঙlঁaগঅড়॥হফড় a‚অড়ঃইদ উদঁফড়ঙআঊঅllaৈজঊঅৈফlঅইaপ‚জুজঊগঅড় দউখ‚a‚অ‚‚ড়ৈঅনৈফগঅঃদ‚aনফড়ৈঅআঃপ‚অপফ।ড়
205,rec_25_audio_5.wav,ৈlড়ঃইঃদয়lফনঘaalঅগকড়ঊaদইlফlড়ঃঅগফাড়॥ঃখ‚aড়॥উয়নআগড়়অঃদ‚জড়ঙঅআ‚অড়ঙঅগঁফঝaদগঅউড়ংalদlঅঙঅ‚অগa‚ড়ছঅগaইদয়ফন‚অউড়ঊঅউদ‚উড়pউড়ঁউইঅ‚ ঊ‚ঙঅ‚্দয়অঊlফউ্জয়নঅগজয়নফড়ৈaগঅউড়ঃ্loড়ঁaগঅড়্উঅআ‚ফlড়ঁফগঅড়ঙউ‚অআlড় উগগঅড়ঁজয়নঅ়aড়॥lদয়ঁবগঅড় জয়নঅউড়ঊঅpফঁaগঅপ।ড়
206,rec_25_audio_17.wav,উ‚ঃড়ৈঅঊঅহlদয়অায়নঅনঃalদঘয়নঅয়নহ‚্ুউফlড়॥ড়ylদয়ড়সগঅৈঅউড়ইঅlজধদ‚ড়ঙহফহaগংউফড়ঙ‚ড়‚অড়ঙয়নড়য়অয়ড়হaগুবউড়ইঅlজধlঅঁa‚অড়ইaধদ‚অড়্অউঅlঅগড়ইঅlজধফউড়ঃঅছফড়ড়স‚অlaয়নফঁফড় দlদ‚ড়ৈজড়াফগপুউ।ড়
207,rec_25_audio_9.wav,‚অড়॥্lফউড়ঊaয়নঅড়ঁুaড়গঅৈঅড়loগড়ৈaগঅৈঅlড়ৈড়থঅঁইফউদছড়ডউফ—ঁদধয়ন‚অড়ঙউড়টঅআlদlaঙগঅইউaয়নঅড়ঁaগঅঃফঊaয়নঅ‚জউঊঅয়নফ—ড় অ‚উঊঅউনফাড়পউaঘইঁঅউaপউ।ড়
208,rec_25_audio_2.wav,ইঅউড়হফগ‚উজয়নঅড়‚alড়ঊঁড়ঊক ॥ৈlফড়ঊঅংনa‚ড়হaগুবlঅlফঊlঅড়হaগুবড়ইঅগজঃa‚ড়॥ইaয়নঅউড়্aগফড়য়lঅয়নড়গঅইড়হaগফুউaয়নঅসগফঁঅড় উ‚aগlড়ঁহaগউড়য়lদ‚দ‚ড়হaগুউ‚a‚দউড়ড়স‚aঃa‚অইঁঅগaঊঅংঊইদঊaড়
209,rec_25_audio_20.wav,‚ফড়॥্lফউঅউড়আড়সগৈঅগবৈl‚অড়ঙৰঊফড়laয়নফগঅঙঅড়ঁফইlদঃগফউড়ঃaুaউড়টa‚উঅয়নড়॥উড়ঃaুaউড়॥ফড়ঁফইlঅড়হaগড়াটয়ফ়গঁসlঅউড়ইঅlজধড়lঅpউlaঝডউঊঅংনaড়ঊঅড়সগঙঅড়—lদlয়নlদুজlদlয়নlড়ঃaুaউঊa‚দউফড়॥আঊঅউড়॥পফড়ৈaগঅড়॥ঙঅlঅড়হaগাৈl।ড়
210,rec_25_audio_18.wav,সlঅউড়উফৈউবড়ংaলদপঅউড়গফপজআয়নঅউড়ঁফইউঅড়ঊঅঃঅুঅউড়la‚অইঅউদঁফড় জ‚alঃaগবুবউড় অথঅুঅড়॥ইউঅড়la‚অইঅউফড়জ‚উaৎlঅড়pউaৎ॥্lঅউ‚ইঙaগঅড়ইঅlজধড়উঅlদlঅঊঅlদlঅয়নড়্aগুউড়ৈঅ—lড়ঘঅ—lড়ঃইদ উদঁফড়ঊঅগঅড়ঙআ‚ফড় অউঊফl।ড়
211,rec_25_audio_10.wav,lফয়নইগঅৈফড়lঙইড়ঃ॥গ়অড়সঅুঅইজগঁড়ঊফৈaড় ৰlউঃৈকধড় ৈlজঃ উড় ঁ অl॥ঃঅড়ঊaটঅউড়ইঙঅ‚ছঁড়্a‚হঘ ফগইড়‚ জউy‚য়দধa‚অাড়‚অউড়ঁaগঅড়ঙ‚অইlঅঁ‚অঁফড়ঝফগঅড়ঙঅlশ়ফ‚‚বয়নঅগঅড়ঙঅlঅউফউড়‚ৈlইঅউaয়নঅড়ঘউগ।ড়
212,rec_25_audio_12.wav,সঝঅ‚ফড়॥pl‚ড়ঘউড়ঘফাংজড়ঃaগুড়ঝঅইফউঊঅআংনফড়ঊঅ্ফউড়ঊঅংনaড়ড়ঘজআুঅউড়lpদয়ফড়্অউদছঁধড়ঙজআরহফআl‚অংaড়ঊa দউড়—গ‚ঃalয়‚।ড়
213,rec_25_audio_13.wav,ঙরদহফlঘজআংঅউড়ইpদয়অড়টঅউদছঁদড়উ— ঁa‚অঘফড়ঝঅইঅআঃaড়॥আঃlaঙaগaড়গঅlদংউঝa‚দঊড়‚অঃঊঅঊaড়ঁদয়অগফlফড়ঙঅঊফড়ঙঅঊফড়ঊদয়নঅঊঙঅগ ‚aউদlফ‚অড়‚অllড়‚বন ুঅাড়ঘজড় অইঅঘa‚ড়॥ায়নঅঊঅউড়‚ফয়নঅড়পফগঅড়টঅআঃaylফড়ঘউৎযড়॥্lফউড়ঊঅ্ফউঊঅংনaড়ঁফ‚অড়ৈঅlফআড়ঁঅউড়ৈআগঅঅড়lঅইa।ড়
214,rec_25_small_audio_0.wav,ইয়lয়নঅঘঙaঃঅয়নড়ঁইঘফউড়উঅঝ‚অউঅlড় জউপজউঃড় গফগড় জlঅইlঅড়ঊঅ়অড়ঙঅ়অড়পউবআ‚aড়—ঘগঙ।ড়
215,rec_25_audio_6.wav,ইঅঝaঁড়‚অআন॥ঃaনড়বউঅআড়ঊঅlalঅছড়ছঅআlয—ড় অয়ন‚অাঊফপaয়নফড়‚অইaগড়y্ফ‚ড়yঁজয়নঅছযড়থaয়নঅlড় অউআড়হফlঅড়নঅড়‚alড়ঊথড়উয়নফহফপঅlফউড়সঁুঅড়আ়দ়অড়॥হফড়lঅইফড়॥্lউফড়ঊউংঅয়নa‚ড়সঁঝlড়॥ইঅউa়ফড়॥়অইঅউড় উবইঅঘফড়ঃঅছউঅআ‚ড়ঙগফড়॥ইইঅঘদউঅঃঅঊড়ঙa়দয়ফউড়lঅই॥ইঅড় উaঝদয়অড়‚অইঅউড় উঅঊফ‚অড়ইঅ‚ড়়অছউঅড়ঁউড়lঅইঅগফড়পজ্জয়নঅড়lইঅpফথঅগlঅইফঘয।ড়
216,rec_26_audio_16.wav,ঙঅঃদঁজগড়গঅআ্ুফড়সঊকড়ঁদয়অইদ অঃগফটুঅড়ইৰগ‚ড়়পঅড়ঘযউদডবয়নফধঢঅড়ঃইয়নড়ড়ylফঁগইদঊঅুঅড়ঃইয়নফড়ৈঅংঅl‚ড়‚বড়ঙঅআড়ঃদঁজগড়সঁুড়্অঃদুড়ঊহউড়ইড়ঝঙlড়ঃফঝঅইড়্অআঊবড়ড়্অআঊঙড়্অঃঁউঅ্উফড়য়ৈlড়থaঁদঃঊউদ‚aগঅড়pলদপaড়॥ঊalফড়ঙঅআঃপজগবঊউদ‚aগঅই।ড়
217,rec_26_audio_18.wav,ড় উফড়ঃফঊফlবঊউদ‚aড়আঃগঅইআড়সৈlঅইড়ঊঅউঅইঅউজউড়গঅহaগসঁসআড়ুদউইঅউড়—গদগঅহaগৈউফড়lঅআllউড়উঃঅআউড়ুফlঙবউড়—গড়ঃঅআউড়ঙঅঃalঅইঙঅঘফড়ঃaঁদঃড়ঃফঊlবড়সুaাড়ইবlবুফড়্উঊঅগঅড়॥ঃগঅইড়্উফড়lঅআlুlদ‚aঁফড়॥ঊঅউড়ঁa‚অড়ঙয়নঘঅইঅaয়পড় উঅগড়ঙঅঊফড়ঁঅlaঝড়ঝযঊlফাড়্উঅ‚ড়ঊঅগঅড়॥হaগঅই।ড়
218,rec_26_audio_5.wav,অউড়—ুয়নঅড়ঙ‚উঁa‚ফড়॥ৈঅগযড়হঅউঅড়ঊঙহঁঅগফড় উযঁদঁফাড়‚অঁয়নlaড়ঝফঊঅগঅঙড়্lদঘফড়ৈঅগযড়্oউaঁড়ঁফঅ্উaঝদরঅড়্উযফড়॥হঅ‚উড়ই‚জইঅঁখa‚ফড়॥ড়ঊlদplড়pয়নড়lঅlয॥ইa‚দয়ড়ৈoঊlদpড়ড়গফড়‚অউড়ঊঅঘফাড়্উaঁঁঃঅউঅড়ঊহড়‚অঁফড়াড়ঘজআlফড় নঊঅউফড়্উaঁঅড়॥ঘজlফড় উআঁফড়সঁঃঅউফড়্উaঝরঅlফউ।ড়
219,rec_26_audio_14.wav,ঊaদlঅঙঅ‚aউড় দউঅৎনড়ঃদঁজগড়॥উড়ঃদঁজইঅউড়ঃaপঅড়ঙঅড়ঃদঁজগড়আঃফপaয়নঅড়॥ইঅউাৈঅlদঘঅউড়ঃদঁজগড়ড়ঃদঘুড়lবড়পদউঅইৎড়ঃদঁজগড়॥কগঅঅড়থঙউউড়lঅয়নড়॥ইঅউবধaঁড়ঁগফঝুাড়aউঅইঅউড়ঃaগফউড়থঙউবউড়ইইঙৎড়ঙগফ॥উড়আlaঊঅউদঃa‚ফড়ঃঅঝঅগঅয়নlaঊঅউঃফড়ঃঅআlদঃফlড়ুফঁlড়গবঝফ।ড়
220,rec_26_audio_1.wav,উফড়‚অ‚ফড়থজউজড়‚অড়স়অড়ৈবঁঁঅ‚অড়ঁধa‚অড়ৈড়উবঁঅ্lফড়ঁaগঅঘalঅৈঅগফড়়অউড়থজ‚জই॥গঙঅইঘজগaগগঅড়ঘalৈঅগড়দউঙইড়ঝঅউআড়‚অড়ঘalড়ঘalউড়্‚ফড়ঝঅআ‚ফড়॥হফড়॥উড়॥ইখ‚ড়॥ঃaড়॥ইঅইড়ঙ‚ফড়্উ॥গফৈঅগaয়নঅড়়অঁবড়॥হফ।ড়
221,rec_26_audio_12.wav,ঃজইঅআগফড়॥ইঅউঘফথফউড়ঁফড়॥ইঅড়ঊউঊঅনড়॥ইউঅড়স্ংড়॥lবঃফঁফড়াঝফড়স‚অড়ৈফনউড়ৈবনফঃaগফুaড়ঊঅঃঅড়ৈফউড়ঙয়নফ‚অড়ৈউফড়ৈফউড়ঙয়নফড়আৈঅlবড়পaয়নঅঊঁঅড়—ঊঃইয়নড়ঘফৈঅনড়‚জৌঝফড়॥ইউঅড়—ঝফউড়ৈফগঅঘজগঅড়ঊaধদঊঙa‚দঊড়াঝফড়ঘঅlড়ৈঅুঅ—a‚।ড়
222,rec_26_audio_17.wav,‚বঙঅড়ঃদঁজগড়aঁড়ঃফঊফlড়সআংড়lআlুlড়্উঅগঅড়ঙআগবড়ড়lঅআlবড়॥ইaড়ঝঙlবড়ঙঅআঃদঁজড়ঙঅআঃদঁজগবড়‚অঁ‚ফড়য়ড়ঙlড়ঃফঊফllড়ঃফঊlাড়ছঅঁ‚ফড়‚ঙlড়॥ইaড়থaঁদঃড় উদ‚আড়lঅইlঅড়হব‚অড়য়ফড়ঃaঁদঃঊউদ‚ফ‚ফইঅইফড়ylজধজ‚দ‚উড়lঅইঅউফ।ড়
223,rec_26_audio_9.wav,ঝফগঅউড়পয়নলদপঅুড়— ফড়ঝফগঅড়॥lউঅঃঁফড়্ণ‚ঊফউড়আlaয়নlড়ঁদগঅইউঅাড়আঃপঅনড়পদউঅইুoঃoঁaয়নড়॥ইঅlবড়ঙরঝয়ফড়সঊঅউফড়উaয়নঅগড়পদউঅইড়য়জঘদpউ‚ঙঅউড়আlদুঅআুঅড়॥ইয়নয‚ড়সগফঁঅড়ঁঅউফlদুড়উঅঃদ‚অঁঅুঅঘফউড়ঊফথaঘlফড়l॥পফঊআফড়lঅড়াড়ঘজআয়নঅঝঅড়ঃবগ্ড়্উ‚ফআঁঅহঅঃদ‚ফড়উঅঃদ‚অয়নপঅঢড়ৈঅৎদুাড়॥lঊআহফ।ড়
224,rec_26_audio_19.wav,ঘঅইযঊফউঅড়ঊফথঊঅগড়ঘঅlঅউড়াড়়উa‚অড়ঁজlবড়উঙড়্অঃজপউঁউঅয়নফহফড়উঅঝ lঅগaঁড়পঅআউফৈঅনaয়নঅড়ঙঅআয়নঅড়ঃফঊaঝনlফড়y‚ড়্উফ‚ড়ঃদজগড়্অঃoঘফঊঅউঅয়নড়ঁউঘঊউ‚আগঅইঊঅঘফড়ঃদঁজগবড়॥ুুঅুঅুংঅড়ৈছফপজগaগঅড়॥ুুঅpa‚অয়নৈaগঅড়ঃজউaড়়জউaাড়ঙউ‚অয়নড়॥ইড়ঝঅগঘড়ঃদঁজগড়‚অঃজউফড়ঃদঁজগড়সৈুঅড়ঙগঅনউৎফআড়‚অড়ঃগaড়ঃদঁজগউড়ইবlবড়সৈlইঅড়ইlায়নবয়ফ।ড়
225,rec_26_audio_15.wav,ঙগঊঅঁaড়॥ইঅউড়াগঅপাড়সঁুফড়ইঅড়সগঅঁঅড়ঃদঁজগউড়ঃদইখ‚aুa‚ফড়ৈ‚ফড়াড়গঅৈফlড়ঁদয়অঃaড়—ড়্গঅপফlফড়॥হফড়॥হফড়ঃদুফড়ঃদঁজগউড়ঊlদজঊঅlদpঊঅড়হaগড়‚অউউড়ড়ঃঅছফড়ঁaগঅৈঅড়lঅুুঅ—ংদংঊআ‚ড়॥হঅঃদঁজগবড়ঃaঘফড়ঊগ‚ফড়॥ঃগফড়ঃদঁজগ‚।ড়
226,rec_26_audio_4.wav,॥ইউঅআlদ‚গদগঅআড়ঘaগদগফটড়্উ‚ফড়ঘalড়াড় উaঝদরঅড়‚অঁফড়সউুlঅয়নঢঅড়ুঅlদুউফঃদড়‚অঁফাড় দউঘফlদুফথlড়‚অঁফড়—llআড়ৈঅllফড়ঘফৈঅয়ড়ঘফউফড়হঅংনঅড়ঊগড়থজউজড়ৈঅগযড়্উaঁদঅড়্উaঁঅড়ঊa‚oউ‚অউড়ঘফায়নঅড়॥ঁফঊঅংaছফঁফড়ঝবপঅআড়গফঘঁa‚অাড়ঁa‚অড়ঊঅংনa‚ফড়॥য়নlঅঃড়॥ঃlঅড়॥ৈঅlফড়‚বৈড়ঊদয়নঅগফড়্উaঁaনড়॥়গফ।ড়
227,rec_26_audio_7.wav,ঊlদ‚উড়॥পফউড়উaঁঅড়ঊlদp উড় উaঁদধঅয়নড়সঙlদ‚বঅঁবlবড়ঊlদpণlঅয়নড়ঃজঁদউড়়laঊঅউড়ঊlদplঅয়নড়ঃঅlঅগড়থ্দ‚অড়ঙউaঁঅ‚অড়ঙবঁড়ঁঅহঅ‚জইঅউঃদঁজগড়ৈগঝড়টঅউদঃaুaউড়গঅআ্ড়আ‚দয়অগজয়নফাড়ৈজঊড়ঁঅহঅঁaগঅড়ৈঅউঃফড়ঃদঁজগড়গঅআ্।ড়
228,rec_26_audio_20.wav,ঁদয়অইদ উঅঃগফ্বউড়্উফlদংড়॥ঃগবড়ঙaউবঙইড়থদউফlদড়ঙয়নlঅড়য়দইঅংফড়ঃদঁজগগঅআ্উদয়ফড়্দউফlদৎঅড়ছঅঁফড়॥ঘঅঘউঅড়ঝফlড়lঅইড়উaয়নফগড়॥ঃবড়॥ঃগড়্ফlড়ইঅlফড়॥ঃজগড়ঊlদpজড়ঙগ‚ড়ঙaঃইয়নফড়ঝফনইফড়ঊঘদpঅঃগযগঅউড়ইবlয়নড়য়ফৈlাড়‚অঘফইaঃঁজগড়‚অউঅঊঅড়ঘফৈঅড়াঁঅউড়ঙউফড়সঊঅগঅগঅঁফড়সআউঅঘড়সউঅড়ঘফৈগফফড়ইজlউফড়ঝড়॥গঅড়ঘঅৈঅড় অউনঅড়গঅ।ড়
229,rec_26_audio_3.wav,ঁaগঅাড়ৈঊউড়ঁaগঅঝঅউড়্উঅগফড়ৈঅ্উগঅড়ৈঅউউফঊঁদফঅইদ lঃড়—্উঅগঅড়ঙগগফ‚বড়ঃঅউঅড়ঊহজউড়— উaঝদঁঅড়‚অঁফড়ইঙড়ylদয়ড়ঝঅঁঅঝবউঅআইড়ঃজঁগফড়ঝফগঅড়্বউফড়সউঅ‚বড়ঘফৈঅড়য়অয়নঝফড়ঊহউফঙড়ঊঅড়্উaঁদঁঅড়ঘaগঅয়নউড়॥পফড়ঘজআড়ইঅহফড়ইঅঃড়্জউফড়ঙউaড়ঁঅঘaগঅ।ড়
230,rec_26_audio_13.wav,‚অউঅড়ঙঅউঅড়পগবফড়ঝফৈঅয়অয়নফড়ঝঘaঊড়ঊlদpড়ইঅঢজুড়ঊঅlঅlযখ‚ড়ৈফগঅউড়ইঅঢড়—lঅৈঅগঅয়নড়‚অইড়॥উড়ছড়ঘৰউঅড়ঘউa‚ড়ঃইয়নগযড়॥গঅঘঅড়সধদুঅড়ঊঅগগঅৈ‚ড়আঃইয়ন‚ড়॥ঃগফড়ঘফৈ‚ড়ঊঅগঅঁফউড়হa‚উড়ঘalড়॥উড়॥ঃফড়ঊঅথঅথঁ ঃজউড়ঊঅঘঅগঅপফড়॥উঅইঅউড়ছড়ঃদঁজগড়আঃaপদয়অইঅড়ঊঅংনaড়ঙlঘঅউড়ঃঁজগ।ড়
231,rec_26_audio_8.wav,॥উঅ‚উফঊঅড়ঊঅংনaড়ঘঅইউ‚ড়থঙউড়ঊঅংনaড়lঅইঅড়ঊঅংনaড়হফফড়পঅইঙপদউঅইড়॥ইঅড়পঅ—পদউঅইঅড়ইঅlজধড়ইইঅুaড়ইঅlজধড়সআড়টঅইউঅড়সৈঅlড়ছফঁফড়ঊংনআড়সআ়aুবয়নঅইউঅউড়পঅ—পফউঅইoঃফঁপয়নঅড়সৈঊঅউফড়হaগফউড়ঃaগফl।ড়
232,rec_26_audio_40.wav,উঅগঅঙ উঅগঅড়উঃফাড়থঊঘaঁড়ঘaয়নঅড়্য়অইফগaড়য়য়ঘফঃদুফউড়টঅগবঅড়‚অঁফড়॥উড়আঢঅুঅড়ঊবংঅঢঅড়টৰইaঁঅড় অগlড়ঁউফড়সঊকড়ঃaউঝঅড়ঝঘaড়্য়অইaগয‚ফৈঅড়য়অয়নঝফ—lদয়উবড়ৈlঝফউড়থঅঃজআড়ঁবlড়ঃইজঃদঅড়ছঅঁফড়ঊঅড়‚জঘফৈlয়ঘaড়llফড়থঅঃদঁগ‚ফড়ঙউaড়বঘজড়ঁবlড়ঃজঃদয়অউড়উঅৈফ।ড়
233,rec_26_audio_37.wav,উব ড়॥ইফউaঁঅউড়ঁঅগ়অউড়ঊঅড়ঘফঙঅয়নঅড়ঝফাঝফড়ঙুaঊaড়ঃaউaয়নঅগড়ঘফৈফৎড়আংংঅlড়ঃaউফগড়ঘফঁফড়‚ড়ইঙaগঅড়ঙগড়॥উাড়॥পঅউ়অআ‚ফড়ylফড়ঊফথaড়ইফহফlঃফুaড়ylফড়ঊফথaড়ypaঁঅড়ঃউদয়‚ড়lঅ্য়থঝlদয়ড়lজয়নঝঅl।ড়
234,rec_26_audio_46.wav,ঊঅ়ফউড়্ংনঅথবlঅড়ঙউফড়পlaঝদঢঅঁa‚ফড়॥ইঅউবয়নড়সঁুজড়ঘফৈগঅlঅইaুঅউড়ঙঅআ ড়ঃদুফউঅঝড়ylফঁড়ঊঅগঅড়াড়ঃalদঘঅড়ঙজগগঅইড়ঝফlঅঝজlড়্ংনঅথবlঅড়ৈউযড়ঊঅউদঃa ৰউদ‚ফড়ফ‚ফড়॥গঙঅlদঘজগড়গঅগঅড়উৈl‚ফড়ঊঅউদঃapঅlদঃড়্দয়অগaহফড়॥ঃlড়॥ইaপ‚ড়ঊঅগঅড়ঃদুযউlঅড়ঙ‚ঊঅগঅড়্ংনঅথবlঅড়ৈউalঅড়ড়ঊঅউদ়ফউaড়ঊউড়‚জআগঅইফড়ঊঅউদঃaংaড়॥ঃগফ।ড়
235,rec_26_audio_43.wav,াংঅাড়থফধড়াউঊঅুদঃaুফউড়গঅআ্দগaয়নফড়সঁুদঢড়ঃইখ‚যয়নড়ঙজউড়—ঁদঁঅড়য়অlটঅউঃaউযউড়গঅনড়ঊঅlদpজঊaড়টফায়নঅগফগড়গয়নফয়নঁaড়উঅঙবড়ইঅদঅুঅুঅঘaঃজসউড় নফগঅঁফ‚ঁুa‚ ঘফথ॥়গফ।ড়
236,rec_26_audio_27.wav,ংফইুফড়ইঙউ‚অয়ফ‚ফঁদঁa‚অঘউজl॥্lফউড়থদউফইড়ঊঅড়ঊaয়ন॥গজআয়নঅ্জড়্উaাঁগড়্ড়lঅঁa‚অ aগবঃ্a‚ফড়ঊaয়নঅগড়ড়॥্lফউইlদ‚ঊদটপaড়‚অঊঅড়ঊaয়নঅগবয়নফাড়্উaাঁগ্ড়lঅঁa‚ড়॥্lফউ।ড়
237,rec_26_audio_25.wav,ড়আুঅ‚ৈlযড়ঊজঝড়ঊঅায়নঅড়উআঃফaয়নঅ দফ্aউaঘaড়॥ইaড়॥ঃজগফড়ঙঅঃঅড়ঙঘঅৈড়আlদ‚॥়গফড়ঁবlবড়ইফইঅlজধড়lঅয়নড়‚অইউঅ—lঃফগঅlঅlজআlaইঃগড়॥ইaয়নফড়ঙইlদ‚ড়ঁজlড়ইফয়নফউফড়ঁবlড়ঘদয়llফড়ইফয়নফড়ঊlদpজ‚ড়ylফঁড়॥হফড়‚ঊফড়ৈবlঘlফড়য়ফড়ঊঅlদpঊaড়ঊaথফধড়ঊঅlদpঊaড়অড়ঁঅউ্ফlaউঁদ‚ঊফড়ঙlবড়lঅঠ।ড়
238,rec_26_audio_39.wav,ঃইড়ঝঅইঙaথaঁদধ‚ড়ঊঃaঁ‚ড়ঁফড়ঙয়নফড়উফড়ডlঃঅউড়ঘফাlঅড়‚ড়ঘফৈঅড়ঁদউaঁফাড়ঁaহজড়ঙ‚অড়ঙজগফড়‚ব‚ফৈঅড়ঝফইড়ইউফটঊaঊইlড়হঅউড়ঘaটফlড়॥উাড়থদউযপaয়নঅড়ঊaঁবlড়ঙউড়ঝঅইঅউযড়ইঅlদছফড়হঅয়নlঅঁঅllড়ঃaয়ন‚ড়ঃইঅpড়য়জঝদর‚অড়ঃইঅুদুঅৈঅড় অঃঅৎaঁঁঅইৈউফড়ড়‚অউড় ইlবড়ঙয়নড়য়ফ।ড়
239,rec_26_audio_33.wav,‚ড়॥পঅইa‚ড়আংফঅড়ঃফlদpঅঊlঅড়॥হফড়‚ঊফড়সুঅড়ylফঁড়সৈlফঁড়ঃইয়নফড়ৈlবড়॥হফউড়আুফউঢaপঅড়ঃঅইaড়ঁড়আউগঅইড়য়ফাড়্aগজড়ঃ্aঁয়অগড়সঁুঅড়ঃalদ‚অঊঅঊlঅড়ঙঃফlঅনড়ঊফয়নঅ্aউaঘগaয়নঅড়aউঅঝফড়ইঅlজধড়ৈফগগফপফড়ডউঅড়ঁa‚অড়ায়নয়ন্উফড়ড়ঁaগদগফপফড়হঅউড়ঃঅআউaডয়ন।ড়
240,rec_26_audio_48.wav,সউঅড়ylফঁড়টঅগঅঊঅগঅড়ৈঅইৈউফড়ঊঅড়‚অঘফউড়ঊঅগঅড়ঁঅইৈউঅড়‚অউঅড়টখ‚দ‚অঁaয়নঅড়ঘফৈুঅড়‚অউড়আ়দ়অড়॥হফড়ড়াঝফড়আ‚অঘফৈগফড়ঊঅগঅড়গঅপফড়॥উড়laঝাড়ঊঅগঅড়ঁaহজড়ৈউঅগড়পফড়ইঅlফড়ঊapফ‚অঁফড়॥ুঅড়থঁদ‚aড়ঙঅায়নঅড়য়অয়নড়ড়আ‚অড়॥ঃগফউড়সঁআড়সুঅড়ড়্উaঊফথড়—  গঅঘফড়ঊঅউদ়aংঃঅড় উaড়ঊফথ।ড়
241,rec_26_audio_49.wav,‚ড়॥ইঅউজঃপaয়নঅড়॥উড়ঊlদpজইঅlড়ঊঅঘদয়ঊaঝa‚অড়ঙ‚অ গঊঅlদয়ঊaয়নঅঃজগফআড়উঙইllড়lঅআড়॥উড়॥ঃফlড়ঘজআড়‚alড়ঝlaড়‚অউড়ঃফপউaয়নঅড়উঅধদুদউঊaঝদফড়ঁফ—ঝফড়ঃঅইগড়গঅপফইজউড়ঙয়নঝফইঅউড়্বউঅগফড়ঙঅৈঅইজগফড়ঙদয়অ উa‚ড়ঊঅইঅঘদয়ৈঅউড়আউঙইঅঁঊঅনড়আউবঙইড়lঅগগঊফগফড়সৈlড়ঃইদ উঁঅড়॥ঃগlড়lঅআ।ড়
242,rec_26_audio_42.wav,ঃফড়ঙসউঅড়l‚জlফৈঊঅউফড়‚ড়‚অউফড়সুড়ঊজঃদ‚ড়‚অউঅড়ঊঝফ‚ড়ঊঅড়্অইaগঅউড় জউসুaড়ঃজইয়নগঅড়পফুড়— ঃদ‚ফড়ঁফড়ঘবlফড়ঙঃগফড়॥ঃগফড়আপজগঅড়ঊজঃদ‚ফাড়হঅয়নlঅাড়ঊজঝফ‚ড়হঅয়নড়lঅড়ঝঅড়ৈlফড়ঘফৈঅড়য়অফড়য়ফড়ইaড়॥lদউঅঃদুala‚অড়ঙয়নlফড়ঊঅঙlহফসঅড়‚ড়yৈlড়ৈবঊঁঅঃঅআl।ড়
243,rec_26_audio_29.wav,lঅঊফড়ঊaথয়নফউoড়ঃoপaনড়॥ঝফড়lবড়ঙরয়ফড়সুঅড়ঃইয়নঝঅয়নড়॥হফড়য়ৈlজঃaউঝনঅড়ঙয়নফlড়laঝউড়laঝফlড়lঅড়ঁউ‚ফড়হঅআগড়াড়্ফইফগaড়়অ ফ—ড়ঊaয়নঅঙউঅড়গঅপফড়ঙঅউৎৎঅড়ঘফঙঅয়নঅড়য়ফড়্দফঅইaগযড়ঙয়নফঊঅয়ফড়ডংঃগফউড়lঅড়‚উlজড়আঃফফপaয়নঅ‚ড়ঙlদ‚ৈaফড় a‚aঁড়ঊalঅl।ড়
244,rec_26_audio_26.wav,উ॥ইযড়ইlবlদয়অড়য়ফড়॥ৈবlড়yঃইড়শঊঙউযয়নঅড়ৈঅlবড়ঝযঊlড়‚গফউড়পফহফপঅঊঅআঃ‚ড়আঃ দউ়অগড়পফহফড়পaঅড়শঃalঅড়॥উড়সৈlড়ায়নঅউড়ঃইদটঊlঅাঁড়— ্ইড়ঙঅlজlফড়সৈlড়য়‚ড়ঘalড়য়অউঅ॥ইa‚দয়ড়laঝজাlফঙড়ঊদয়ঃদ‚oaঝয়নঘallaউড়ৈঅইৈঅড়ঝঙউaয়নঅআ‚অড়ঃইঙalঅয়নড়॥উড়ঘফঁa‚ফড়॥ৈবউড়‚অআড়‚অউ।ড়
245,rec_26_audio_44.wav,টঅউদঃaুaড়গঅআয়নফআড়্॥ঃগফঁড়ঝযঊlফউড়ুঅড়পজউজ‚দঊ ৰউদlফুঅন—ঘদয়অড়সুফড়॥ঃবউlaয়ন্ড়‚অউড়ঃইয়নাড়ঊঅউদঝaুaউড়গঅআ্জগড়সপড়॥ঃগফসুঅড়ড়সইlবড়ঙlফlড়য়ফড়॥ইঅউড়ৈ‚বপজজঁড়ৈবৌআড়॥ইফ।ড়
246,rec_26_audio_38.wav,স াড়ঘফৈঅঘফঘফড়সুঅড় জউজধড়সঊকড়সুঅড়ইঙaগঅড়ঘফঙঅয়ন‚ঘফউড়॥পফউড়ঝফড়ইইaগঅপজগঅহaগঅড়ৈঊaড়ইlবlপৎযlঅঃaগড়সঊকড়ঃফপঅড় জউঃ়নড়ৈজঊআড়থদউঘদয়অড়ডউদ‚ড়সঊকড়ঃইদইঅlজয়বঁফউঅঅড়ylয়ছইয়নঊগlঅড়॥ঙগাড়ঊজগঃaঁঅড়॥ঙউla‚ঘজউড়ঊউদ‚ইঅlফাড়য়জপড়‚ফৈঅ॥ঝফড়ঘজআঝlড়ঃদঊযঁদখ‚ড়॥্উফ।ড়
247,rec_27_audio_0.wav,ড় অউa ঁ‚ড়ঁঅউাড় ঁদ‚ দউটঅআড়ঘয়নঅড় জ উঅআগক‚উফড়॥গঁঅpaউঅlড়ঊঅংনaড়সঁুaaনঅড়ঁবlবlবপআগঅইদ ‚a‚অউড় ৰউৎ‚অঁaড়ায়নআনগঅইউ‚উউদয়ইফড়ঁaগঅংফঁুaড়ঙউঝঅlযড়ৈফগঅpঅlyউদ ফগaগaগড়সড়ঃঅনঘড় দউঘঁউঅঅড়উঅহনউড়থগউ‚ফlুa।ড়
248,rec_27_audio_2.wav,ঃlউঅ‚ঁয়অগlঅয়নড়য়জঘদঘaইউঅউড়ঊa উজ ফড়॥হaড়ঙঝফড়ুaঁফঁড়পউজ য়ফড়॥হফড়সুঅউড় দউংঅগঁফআ‚অড়ড়— উউঅঁউফউড়ংaুঅংaয়নlড় অাঘঅউড়উড়ঃঅঊঅlড়‚অ উড়গaৈড়ঝগগঅড়॥ঃজসঁaইaঁদঃ উয়য়উদ‚ইঅlড়ৈঅইঁa‚অড়াংঅায়নঅসহঅং।ড়
249,rec_27_audio_1.wav,aঃফঊড়ঁৎঘফড় জদa জউদ ়lঅড় জঃদ‚খউড়ংaঁফড়পজউজ ঊঅহa‚ইঁবধদুaড়ুaঁফউড়পদউজ ড়ইঅlফড়ঁবlড়ঁবইদ অlaড়lঅপফ‚অড়—ই অl্অউফড়lঅইঁফ‚অআড়‚অউড়ড়ঙ‚ড়জধদুa‚aড়নঅগড়॥হফlঅড়ুaঅগlড়াগড়়অউlঅড়yদয়অগঙটফড়পউজ ।ড়
250,rec_27_audio_23.wav,<>
251,rec_27_audio_21.wav,<>
252,rec_27_audio_27.wav,<>
253,rec_27_audio_19.wav,<>
254,rec_27_audio_14.wav,<>
255,rec_27_audio_22.wav,<>
256,rec_27_audio_12.wav,<>
257,rec_27_audio_10.wav,<>
258,rec_27_audio_16.wav,<>
259,rec_27_audio_4.wav,<>
260,rec_27_audio_24.wav,<>
261,rec_27_audio_8.wav,<>
262,rec_27_audio_5.wav,<>
263,rec_27_audio_18.wav,<>
264,rec_27_audio_9.wav,<>
265,rec_27_audio_6.wav,<>
266,rec_27_audio_15.wav,<>
267,rec_27_audio_20.wav,<>
268,rec_27_audio_26.wav,<>
269,rec_27_audio_25.wav,<>
270,rec_27_audio_11.wav,<>
271,rec_27_audio_34.wav,<>
272,rec_27_audio_28.wav,<>
273,rec_27_audio_37.wav,<>
274,rec_27_audio_30.wav,<>
275,rec_27_audio_29.wav,<>
276,rec_27_audio_38.wav,<>
277,rec_28_audio_8.wav,<>
278,rec_28_audio_1.wav,<>
279,rec_28_audio_10.wav,<>
280,rec_28_audio_3.wav,<>
281,rec_28_audio_4.wav,<>
282,rec_28_audio_5.wav,<>
283,rec_28_audio_9.wav,<>
284,rec_28_audio_11.wav,<>
285,rec_28_audio_6.wav,<>
286,rec_28_small_audio_0.wav,<>
287,rec_28_audio_2.wav,<>
288,rec_29_audio_2.wav,<>
289,rec_29_audio_0.wav,<>
290,rec_29_audio_18.wav,<>
291,rec_29_audio_16.wav,<>
292,rec_29_audio_10.wav,<>
293,rec_29_audio_17.wav,<>
294,rec_29_audio_11.wav,<>
295,rec_29_audio_6.wav,<>
296,rec_29_audio_3.wav,<>
297,rec_29_audio_26.wav,<>
298,rec_29_audio_23.wav,<>
299,rec_29_audio_25.wav,<>
300,rec_29_audio_8.wav,<>
301,rec_29_audio_22.wav,<>
302,rec_29_audio_4.wav,<>
303,rec_29_audio_21.wav,<>
304,rec_29_audio_5.wav,<>
305,rec_29_audio_20.wav,<>
306,rec_29_small_audio_0.wav,<>
307,rec_29_audio_35.wav,<>
308,rec_29_audio_29.wav,<>
309,rec_29_audio_33.wav,<>
310,rec_29_audio_31.wav,<>
311,rec_29_audio_34.wav,<>
312,rec_29_audio_28.wav,<>
313,rec_29_audio_27.wav,<>
314,rec_29_audio_36.wav,<>
315,rec_29_audio_32.wav,<>
316,rec_30_audio_11.wav,<>
317,rec_30_audio_3.wav,<>
318,rec_30_small_audio_0.wav,<>
319,rec_30_audio_1.wav,<>
320,rec_30_audio_5.wav,<>
321,rec_30_audio_8.wav,<>
322,rec_30_audio_9.wav,<>
323,rec_30_audio_0.wav,<>
324,rec_30_audio_4.wav,<>
325,rec_31_audio_2.wav,<>
326,rec_31_audio_12.wav,<>
327,rec_31_audio_11.wav,<>
328,rec_31_audio_1.wav,<>
329,rec_31_audio_6.wav,<>
330,rec_31_audio_10.wav,<>
331,rec_31_audio_3.wav,<>
332,rec_31_audio_8.wav,<>
333,rec_31_audio_5.wav,<>
334,rec_31_audio_9.wav,<>
335,rec_31_audio_7.wav,<>
336,rec_31_audio_13.wav,<>
337,rec_32_audio_3.wav,<>
338,rec_32_audio_0.wav,<>
339,rec_32_audio_5.wav,<>
340,rec_32_audio_4.wav,<>
341,rec_32_big_audio_1.wav,<>
342,rec_32_big_audio_4.wav,<>
343,rec_32_audio_7.wav,<>
344,rec_32_audio_2.wav,<>
345,rec_32_audio_6.wav,<>
346,rec_32_audio_25.wav,<>
347,rec_32_audio_23.wav,<>
348,rec_32_small_audio_1.wav,<>
349,rec_32_audio_8.wav,<>
350,rec_32_audio_29.wav,<>
351,rec_32_audio_21.wav,<>
352,rec_32_audio_14.wav,<>
353,rec_32_audio_27.wav,<>
354,rec_32_audio_28.wav,<>
355,rec_32_audio_26.wav,<>
356,rec_32_audio_12.wav,<>
357,rec_32_audio_16.wav,<>
358,rec_32_audio_24.wav,<>
359,rec_32_audio_18.wav,<>
360,rec_32_audio_20.wav,<>
361,rec_32_audio_11.wav,<>
362,rec_32_audio_17.wav,<>
363,rec_32_audio_19.wav,<>
364,rec_32_audio_13.wav,<>
365,rec_32_audio_9.wav,<>
366,rec_32_audio_15.wav,<>
367,rec_32_small_audio_0.wav,<>
368,rec_32_audio_30.wav,<>
369,rec_32_audio_31.wav,<>
370,rec_33_audio_1.wav,<>
371,rec_33_audio_0.wav,<>
372,rec_33_audio_2.wav,<>
373,rec_33_audio_9.wav,<>
374,rec_33_audio_3.wav,<>
375,rec_33_audio_7.wav,<>
376,rec_33_audio_4.wav,<>
377,rec_33_audio_8.wav,<>
378,rec_33_audio_10.wav,<>
379,rec_33_audio_5.wav,<>
380,rec_34_audio_8.wav,<>
381,rec_34_audio_13.wav,<>
382,rec_34_audio_20.wav,<>
383,rec_34_audio_12.wav,<>
384,rec_34_audio_21.wav,<>
385,rec_34_audio_10.wav,<>
386,rec_34_audio_6.wav,<>
387,rec_34_audio_15.wav,<>
388,rec_34_audio_4.wav,<>
389,rec_34_audio_18.wav,<>
390,rec_34_audio_11.wav,<>
391,rec_34_audio_17.wav,<>
392,rec_34_audio_14.wav,<>
393,rec_34_audio_7.wav,<>
394,rec_34_audio_32.wav,<>
395,rec_34_audio_28.wav,<>
396,rec_34_audio_26.wav,<>
397,rec_34_audio_29.wav,<>
398,rec_34_audio_27.wav,<>
399,rec_34_audio_23.wav,<>
400,rec_34_audio_25.wav,<>
401,rec_34_audio_24.wav,<>
402,rec_34_audio_33.wav,<>
403,rec_35_audio_2.wav,<>
404,rec_35_audio_6.wav,<>
405,rec_35_audio_8.wav,<>
406,rec_35_audio_1.wav,<>
407,rec_35_audio_7.wav,<>
408,rec_35_audio_13.wav,<>
409,rec_35_audio_23.wav,<>
410,rec_35_audio_22.wav,<>
411,rec_35_audio_18.wav,<>
412,rec_35_audio_20.wav,<>
413,rec_36_audio_2.wav,<>
414,rec_36_audio_6.wav,<>
415,rec_36_audio_9.wav,<>
416,rec_36_audio_0.wav,<>
417,rec_36_audio_4.wav,<>
418,rec_36_audio_5.wav,<>
419,rec_36_audio_7.wav,<>
420,rec_36_audio_14.wav,<>
421,rec_36_audio_15.wav,<>
422,rec_36_audio_11.wav,<>
423,rec_37_audio_1.wav,<>
424,rec_37_audio_6.wav,<>
425,rec_37_audio_4.wav,<>
426,rec_37_audio_7.wav,<>
427,rec_37_audio_0.wav,<>
428,rec_37_audio_3.wav,<>
429,rec_37_audio_5.wav,<>
430,rec_38_audio_1.wav,<>
431,rec_38_audio_8.wav,<>
432,rec_38_audio_0.wav,<>
433,rec_38_audio_4.wav,<>
434,rec_38_audio_10.wav,<>
435,rec_38_audio_3.wav,<>
436,rec_38_audio_37.wav,<>
437,rec_38_audio_34.wav,<>
438,rec_38_audio_25.wav,<>
439,rec_38_audio_28.wav,<>
440,rec_38_audio_35.wav,<>
441,rec_38_audio_30.wav,<>
442,rec_38_audio_20.wav,<>
443,rec_38_audio_16.wav,<>
444,rec_38_audio_13.wav,<>
445,rec_38_audio_29.wav,<>
446,rec_38_audio_15.wav,<>
447,rec_38_audio_22.wav,<>
448,rec_38_audio_26.wav,<>
449,rec_38_audio_36.wav,<>
450,rec_38_audio_12.wav,<>
451,rec_38_audio_21.wav,<>
452,rec_38_audio_11.wav,<>
453,rec_38_audio_24.wav,<>
454,rec_38_audio_18.wav,<>
455,rec_38_audio_14.wav,<>
456,rec_38_audio_39.wav,<>
457,rec_38_audio_40.wav,<>
458,rec_39_audio_1.wav,<>
459,rec_39_audio_2.wav,<>
460,rec_39_audio_11.wav,<>
461,rec_39_audio_8.wav,<>
462,rec_39_audio_5.wav,<>
463,rec_39_audio_7.wav,<>
464,rec_39_audio_6.wav,<>
465,rec_39_audio_9.wav,<>
466,rec_39_small_audio_0.wav,<>
467,rec_40_audio_2.wav,<>
468,rec_40_audio_0.wav,<>
469,rec_40_audio_1.wav,<>
470,rec_41_audio_0.wav,<>
471,rec_41_small_audio_0.wav,<>
472,rec_41_audio_8.wav,<>
473,rec_41_audio_3.wav,<>
474,rec_41_audio_7.wav,<>
475,rec_41_audio_6.wav,<>
476,rec_41_small_audio_1.wav,<>
477,rec_41_audio_4.wav,<>
478,rec_42_audio_1.wav,<>
479,rec_42_audio_2.wav,<>
480,rec_42_small_audio_0.wav,<>
481,rec_43_audio_0.wav,<>
482,rec_43_audio_2.wav,<>
483,rec_43_audio_7(1).wav,<>
484,rec_43_audio_5.wav,<>
485,rec_43_audio_1.wav,<>
486,rec_43_audio_3.wav,<>
487,rec_43_audio_5(1).wav,<>
488,rec_43_audio_4.wav,<>
489,rec_43_audio_7.wav,<>
490,rec_44_audio_3.wav,<>
491,rec_44_audio_11.wav,<>
492,rec_44_audio_0.wav,<>
493,rec_44_audio_7.wav,<>
494,rec_44_audio_12.wav,<>
495,rec_44_audio_5.wav,<>
496,rec_44_audio_6.wav,<>
497,rec_44_audio_1(1).wav,<>
498,rec_44_audio_8.wav,<>
499,rec_44_audio_0(1).wav,<>
500,rec_44_audio_15.wav,<>
501,rec_44_audio_1.wav,<>
502,rec_44_audio_17.wav,<>
503,rec_45_big_audio_0.wav,<>
504,rec_45_big_audio_5.wav,<>
505,rec_45_big_audio_6.wav,<>
506,rec_45_audio_2.wav,<>
507,rec_45_audio_1.wav,<>
508,rec_45_big_audio_9.wav,<>
509,rec_45_audio_0.wav,<>
510,rec_45_audio_10.wav,<>
511,rec_45_audio_5.wav,<>
512,rec_45_audio_14.wav,<>
513,rec_45_audio_9.wav,<>
514,rec_45_audio_12.wav,<>
515,rec_45_audio_17.wav,<>
516,rec_45_audio_16.wav,<>
517,rec_45_audio_23.wav,<>
518,rec_45_audio_22.wav,<>
519,rec_45_audio_28.wav,<>
520,rec_45_audio_33.wav,<>
521,rec_45_audio_36.wav,<>
522,rec_45_audio_19.wav,<>
523,rec_45_audio_40.wav,<>
524,rec_45_audio_26.wav,<>
525,rec_45_audio_38.wav,<>
526,rec_45_audio_24.wav,<>
527,rec_45_audio_47.wav,<>
528,rec_45_audio_43.wav,<>
529,rec_45_audio_48.wav,<>
530,rec_45_audio_29.wav,<>
531,rec_45_audio_39.wav,<>
532,rec_45_audio_31.wav,<>
533,rec_45_audio_20.wav,<>
534,rec_45_audio_42.wav,<>
535,rec_45_audio_21.wav,<>
536,rec_45_audio_37.wav,<>
537,rec_45_audio_44.wav,<>
538,rec_45_audio_46.wav,<>
539,rec_45_audio_30.wav,<>
540,rec_45_audio_45.wav,<>
541,rec_45_audio_41.wav,<>
542,rec_45_audio_69.wav,<>
543,rec_45_audio_71.wav,<>
544,rec_45_audio_72.wav,<>
545,rec_45_audio_50.wav,<>
546,rec_45_audio_55.wav,<>
547,rec_45_audio_53.wav,<>
548,rec_45_audio_51.wav,<>
549,rec_45_audio_63.wav,<>
550,rec_45_audio_58.wav,<>
551,rec_45_audio_65.wav,<>
552,rec_45_audio_59.wav,<>
553,rec_45_audio_62.wav,<>
554,rec_45_audio_49.wav,<>
555,rec_45_audio_56.wav,<>
556,rec_45_audio_54.wav,<>
557,rec_45_audio_64.wav,<>
558,rec_45_audio_66.wav,<>
559,rec_45_audio_57.wav,<>
560,rec_45_audio_70.wav,<>
561,rec_45_audio_52.wav,<>
562,rec_45_audio_61.wav,<>
563,rec_45_audio_67.wav,<>
564,rec_45_audio_79.wav,<>
565,rec_45_audio_87.wav,<>
566,rec_45_audio_97.wav,<>
567,rec_45_audio_90.wav,<>
568,rec_45_audio_91.wav,<>
569,rec_45_audio_83.wav,<>
570,rec_45_audio_76.wav,<>
571,rec_45_audio_92.wav,<>
572,rec_45_audio_74.wav,<>
573,rec_45_audio_86.wav,<>
574,rec_45_audio_77.wav,<>
575,rec_45_audio_73.wav,<>
576,rec_45_audio_89.wav,<>
577,rec_45_audio_102.wav,<>
578,rec_45_audio_78.wav,<>
579,rec_45_audio_96.wav,<>
580,rec_45_audio_93.wav,<>
581,rec_45_audio_100.wav,<>
582,rec_45_audio_98.wav,<>
583,rec_45_audio_120.wav,<>
584,rec_45_audio_109.wav,<>
585,rec_45_audio_111.wav,<>
586,rec_45_audio_105.wav,<>
587,rec_45_audio_116.wav,<>
588,rec_45_audio_115.wav,<>
589,rec_45_audio_104.wav,<>
590,rec_45_audio_112.wav,<>
591,rec_45_audio_122.wav,<>
592,rec_45_audio_113.wav,<>
593,rec_45_audio_107.wav,<>
594,rec_45_audio_118.wav,<>
595,rec_45_audio_110.wav,<>
596,rec_45_audio_114.wav,<>
597,rec_45_audio_106.wav,<>
598,rec_05_big_audio_0_chunk_0.wav,<>
599,rec_05_big_audio_0_chunk_1.wav,<>
600,rec_32_big_audio_0_chunk_0.wav,<>
601,rec_25_big_audio_0_chunk_1.wav,<>
602,rec_13_big_audio_3_chunk_1.wav,<>
603,rec_13_big_audio_1_chunk_0.wav,<>
604,rec_15_big_audio_0_chunk_0.wav,<>
605,rec_25_big_audio_0_chunk_0.wav,<>
606,rec_32_big_audio_9_chunk_1.wav,<>
607,rec_32_big_audio_0_chunk_1.wav,<>
608,rec_32_big_audio_5_chunk_2.wav,<>
609,rec_32_big_audio_8_chunk_1.wav,<>
610,rec_45_big_audio_10_chunk_0.wav,<>
611,rec_32_big_audio_6_chunk_0.wav,<>
612,rec_32_big_audio_2_chunk_0.wav,<>
613,rec_45_big_audio_1_chunk_1.wav,<>
614,rec_39_big_audio_0_chunk_0.wav,<>
615,rec_32_big_audio_8_chunk_0.wav,<>
616,rec_32_big_audio_5_chunk_1.wav,<>
617,rec_45_big_audio_1_chunk_0.wav,<>
618,rec_45_big_audio_13_chunk_1.wav,<>
619,rec_45_big_audio_2_chunk_0.wav,<>
620,rec_45_big_audio_11_chunk_0.wav,<>
621,rec_45_big_audio_8_chunk_0.wav,<>
